Type,Image 1,Image 2,Matches,Total Minutiae,Score (%)
Genuine,101_1.tif,101_2.tif,10,104,19.23
Genuine,101_1.tif,101_3.tif,10,100,20.0
Genuine,101_1.tif,101_4.tif,8,103,15.53
Genuine,101_1.tif,101_5.tif,14,97,28.87
Genuine,101_1.tif,101_6.tif,7,100,14.0
Genuine,101_1.tif,101_7.tif,11,94,23.4
Genuine,101_1.tif,101_8.tif,6,94,12.77
Genuine,101_2.tif,101_3.tif,10,92,21.74
Genuine,101_2.tif,101_4.tif,11,95,23.16
Genuine,101_2.tif,101_5.tif,7,89,15.73
Genuine,101_2.tif,101_6.tif,9,92,19.57
Genuine,101_2.tif,101_7.tif,5,86,11.63
Genuine,101_2.tif,101_8.tif,7,86,16.28
Genuine,101_3.tif,101_4.tif,16,91,35.16
Genuine,101_3.tif,101_5.tif,6,85,14.12
Genuine,101_3.tif,101_6.tif,13,88,29.55
Genuine,101_3.tif,101_7.tif,6,82,14.63
Genuine,101_3.tif,101_8.tif,7,82,17.07
Genuine,101_4.tif,101_5.tif,6,88,13.64
Genuine,101_4.tif,101_6.tif,9,91,19.78
Genuine,101_4.tif,101_7.tif,6,85,14.12
Genuine,101_4.tif,101_8.tif,8,85,18.82
Genuine,101_5.tif,101_6.tif,7,85,16.47
Genuine,101_5.tif,101_7.tif,10,79,25.32
Genuine,101_5.tif,101_8.tif,7,79,17.72
Genuine,101_6.tif,101_7.tif,10,82,24.39
Genuine,101_6.tif,101_8.tif,6,82,14.63
Genuine,101_7.tif,101_8.tif,5,76,13.16
Genuine,102_1.tif,102_2.tif,10,126,15.87
Genuine,102_1.tif,102_3.tif,10,126,15.87
Genuine,102_1.tif,102_4.tif,8,109,14.68
Genuine,102_1.tif,102_5.tif,11,117,18.8
Genuine,102_1.tif,102_6.tif,7,100,14.0
Genuine,102_1.tif,102_7.tif,8,108,14.81
Genuine,102_1.tif,102_8.tif,7,101,13.86
Genuine,102_2.tif,102_3.tif,14,142,19.72
Genuine,102_2.tif,102_4.tif,9,125,14.4
Genuine,102_2.tif,102_5.tif,15,133,22.56
Genuine,102_2.tif,102_6.tif,8,116,13.79
Genuine,102_2.tif,102_7.tif,13,124,20.97
Genuine,102_2.tif,102_8.tif,10,117,17.09
Genuine,102_3.tif,102_4.tif,14,125,22.4
Genuine,102_3.tif,102_5.tif,12,133,18.05
Genuine,102_3.tif,102_6.tif,7,116,12.07
Genuine,102_3.tif,102_7.tif,14,124,22.58
Genuine,102_3.tif,102_8.tif,8,117,13.68
Genuine,102_4.tif,102_5.tif,10,116,17.24
Genuine,102_4.tif,102_6.tif,6,99,12.12
Genuine,102_4.tif,102_7.tif,7,107,13.08
Genuine,102_4.tif,102_8.tif,7,100,14.0
Genuine,102_5.tif,102_6.tif,8,107,14.95
Genuine,102_5.tif,102_7.tif,10,115,17.39
Genuine,102_5.tif,102_8.tif,7,108,12.96
Genuine,102_6.tif,102_7.tif,7,98,14.29
Genuine,102_6.tif,102_8.tif,6,91,13.19
Genuine,102_7.tif,102_8.tif,7,99,14.14
Genuine,103_1.tif,103_2.tif,18,149,24.16
Genuine,103_1.tif,103_3.tif,16,153,20.92
Genuine,103_1.tif,103_4.tif,13,145,17.93
Genuine,103_1.tif,103_5.tif,15,164,18.29
Genuine,103_1.tif,103_6.tif,14,144,19.44
Genuine,103_1.tif,103_7.tif,15,145,20.69
Genuine,103_1.tif,103_8.tif,14,153,18.3
Genuine,103_2.tif,103_3.tif,19,148,25.68
Genuine,103_2.tif,103_4.tif,19,140,27.14
Genuine,103_2.tif,103_5.tif,12,159,15.09
Genuine,103_2.tif,103_6.tif,13,139,18.71
Genuine,103_2.tif,103_7.tif,13,140,18.57
Genuine,103_2.tif,103_8.tif,18,148,24.32
Genuine,103_3.tif,103_4.tif,16,144,22.22
Genuine,103_3.tif,103_5.tif,17,163,20.86
Genuine,103_3.tif,103_6.tif,11,143,15.38
Genuine,103_3.tif,103_7.tif,12,144,16.67
Genuine,103_3.tif,103_8.tif,12,152,15.79
Genuine,103_4.tif,103_5.tif,14,155,18.06
Genuine,103_4.tif,103_6.tif,11,135,16.3
Genuine,103_4.tif,103_7.tif,14,136,20.59
Genuine,103_4.tif,103_8.tif,11,144,15.28
Genuine,103_5.tif,103_6.tif,12,154,15.58
Genuine,103_5.tif,103_7.tif,14,155,18.06
Genuine,103_5.tif,103_8.tif,17,163,20.86
Genuine,103_6.tif,103_7.tif,11,135,16.3
Genuine,103_6.tif,103_8.tif,13,143,18.18
Genuine,103_7.tif,103_8.tif,13,144,18.06
Genuine,104_1.tif,104_2.tif,15,111,27.03
Genuine,104_1.tif,104_3.tif,13,127,20.47
Genuine,104_1.tif,104_4.tif,8,102,15.69
Genuine,104_1.tif,104_5.tif,7,106,13.21
Genuine,104_1.tif,104_6.tif,12,113,21.24
Genuine,104_1.tif,104_7.tif,8,95,16.84
Genuine,104_1.tif,104_8.tif,8,91,17.58
Genuine,104_2.tif,104_3.tif,20,134,29.85
Genuine,104_2.tif,104_4.tif,10,109,18.35
Genuine,104_2.tif,104_5.tif,9,113,15.93
Genuine,104_2.tif,104_6.tif,9,120,15.0
Genuine,104_2.tif,104_7.tif,8,102,15.69
Genuine,104_2.tif,104_8.tif,8,98,16.33
Genuine,104_3.tif,104_4.tif,11,125,17.6
Genuine,104_3.tif,104_5.tif,15,129,23.26
Genuine,104_3.tif,104_6.tif,12,136,17.65
Genuine,104_3.tif,104_7.tif,11,118,18.64
Genuine,104_3.tif,104_8.tif,10,114,17.54
Genuine,104_4.tif,104_5.tif,9,104,17.31
Genuine,104_4.tif,104_6.tif,11,111,19.82
Genuine,104_4.tif,104_7.tif,8,93,17.2
Genuine,104_4.tif,104_8.tif,7,89,15.73
Genuine,104_5.tif,104_6.tif,13,115,22.61
Genuine,104_5.tif,104_7.tif,13,97,26.8
Genuine,104_5.tif,104_8.tif,12,93,25.81
Genuine,104_6.tif,104_7.tif,10,104,19.23
Genuine,104_6.tif,104_8.tif,10,100,20.0
Genuine,104_7.tif,104_8.tif,5,82,12.2
Genuine,105_1.tif,105_2.tif,11,106,20.75
Genuine,105_1.tif,105_3.tif,6,87,13.79
Genuine,105_1.tif,105_4.tif,7,96,14.58
Genuine,105_1.tif,105_5.tif,9,107,16.82
Genuine,105_1.tif,105_6.tif,7,95,14.74
Genuine,105_1.tif,105_7.tif,6,85,14.12
Genuine,105_1.tif,105_8.tif,9,98,18.37
Genuine,105_2.tif,105_3.tif,7,99,14.14
Genuine,105_2.tif,105_4.tif,7,108,12.96
Genuine,105_2.tif,105_5.tif,9,119,15.13
Genuine,105_2.tif,105_6.tif,9,107,16.82
Genuine,105_2.tif,105_7.tif,6,97,12.37
Genuine,105_2.tif,105_8.tif,11,110,20.0
Genuine,105_3.tif,105_4.tif,7,89,15.73
Genuine,105_3.tif,105_5.tif,10,100,20.0
Genuine,105_3.tif,105_6.tif,6,88,13.64
Genuine,105_3.tif,105_7.tif,7,78,17.95
Genuine,105_3.tif,105_8.tif,9,91,19.78
Genuine,105_4.tif,105_5.tif,7,109,12.84
Genuine,105_4.tif,105_6.tif,8,97,16.49
Genuine,105_4.tif,105_7.tif,5,87,11.49
Genuine,105_4.tif,105_8.tif,7,100,14.0
Genuine,105_5.tif,105_6.tif,8,108,14.81
Genuine,105_5.tif,105_7.tif,8,98,16.33
Genuine,105_5.tif,105_8.tif,9,111,16.22
Genuine,105_6.tif,105_7.tif,8,86,18.6
Genuine,105_6.tif,105_8.tif,7,99,14.14
Genuine,105_7.tif,105_8.tif,9,89,20.22
Genuine,106_1.tif,106_2.tif,12,164,14.63
Genuine,106_1.tif,106_3.tif,16,135,23.7
Genuine,106_1.tif,106_4.tif,16,142,22.54
Genuine,106_1.tif,106_5.tif,8,105,15.24
Genuine,106_1.tif,106_6.tif,14,120,23.33
Genuine,106_1.tif,106_7.tif,15,139,21.58
Genuine,106_1.tif,106_8.tif,11,129,17.05
Genuine,106_2.tif,106_3.tif,16,183,17.49
Genuine,106_2.tif,106_4.tif,21,190,22.11
Genuine,106_2.tif,106_5.tif,14,153,18.3
Genuine,106_2.tif,106_6.tif,17,168,20.24
Genuine,106_2.tif,106_7.tif,16,187,17.11
Genuine,106_2.tif,106_8.tif,17,177,19.21
Genuine,106_3.tif,106_4.tif,15,161,18.63
Genuine,106_3.tif,106_5.tif,9,124,14.52
Genuine,106_3.tif,106_6.tif,13,139,18.71
Genuine,106_3.tif,106_7.tif,13,158,16.46
Genuine,106_3.tif,106_8.tif,12,148,16.22
Genuine,106_4.tif,106_5.tif,8,131,12.21
Genuine,106_4.tif,106_6.tif,14,146,19.18
Genuine,106_4.tif,106_7.tif,24,165,29.09
Genuine,106_4.tif,106_8.tif,11,155,14.19
Genuine,106_5.tif,106_6.tif,8,109,14.68
Genuine,106_5.tif,106_7.tif,8,128,12.5
Genuine,106_5.tif,106_8.tif,9,118,15.25
Genuine,106_6.tif,106_7.tif,13,143,18.18
Genuine,106_6.tif,106_8.tif,12,133,18.05
Genuine,106_7.tif,106_8.tif,19,152,25.0
Genuine,107_1.tif,107_2.tif,10,109,18.35
Genuine,107_1.tif,107_3.tif,8,109,14.68
Genuine,107_1.tif,107_4.tif,9,115,15.65
Genuine,107_1.tif,107_5.tif,8,98,16.33
Genuine,107_1.tif,107_6.tif,6,93,12.9
Genuine,107_1.tif,107_7.tif,9,105,17.14
Genuine,107_1.tif,107_8.tif,8,99,16.16
Genuine,107_2.tif,107_3.tif,14,112,25.0
Genuine,107_2.tif,107_4.tif,11,118,18.64
Genuine,107_2.tif,107_5.tif,7,101,13.86
Genuine,107_2.tif,107_6.tif,8,96,16.67
Genuine,107_2.tif,107_7.tif,10,108,18.52
Genuine,107_2.tif,107_8.tif,8,102,15.69
Genuine,107_3.tif,107_4.tif,14,118,23.73
Genuine,107_3.tif,107_5.tif,8,101,15.84
Genuine,107_3.tif,107_6.tif,7,96,14.58
Genuine,107_3.tif,107_7.tif,14,108,25.93
Genuine,107_3.tif,107_8.tif,10,102,19.61
Genuine,107_4.tif,107_5.tif,10,107,18.69
Genuine,107_4.tif,107_6.tif,9,102,17.65
Genuine,107_4.tif,107_7.tif,8,114,14.04
Genuine,107_4.tif,107_8.tif,9,108,16.67
Genuine,107_5.tif,107_6.tif,19,85,44.71
Genuine,107_5.tif,107_7.tif,18,97,37.11
Genuine,107_5.tif,107_8.tif,15,91,32.97
Genuine,107_6.tif,107_7.tif,9,92,19.57
Genuine,107_6.tif,107_8.tif,12,86,27.91
Genuine,107_7.tif,107_8.tif,6,98,12.24
Genuine,108_1.tif,108_2.tif,14,162,17.28
Genuine,108_1.tif,108_3.tif,12,138,17.39
Genuine,108_1.tif,108_4.tif,15,163,18.4
Genuine,108_1.tif,108_5.tif,10,139,14.39
Genuine,108_1.tif,108_6.tif,15,150,20.0
Genuine,108_1.tif,108_7.tif,18,158,22.78
Genuine,108_1.tif,108_8.tif,12,134,17.91
Genuine,108_2.tif,108_3.tif,14,162,17.28
Genuine,108_2.tif,108_4.tif,17,187,18.18
Genuine,108_2.tif,108_5.tif,14,163,17.18
Genuine,108_2.tif,108_6.tif,15,174,17.24
Genuine,108_2.tif,108_7.tif,15,182,16.48
Genuine,108_2.tif,108_8.tif,13,158,16.46
Genuine,108_3.tif,108_4.tif,16,163,19.63
Genuine,108_3.tif,108_5.tif,11,139,15.83
Genuine,108_3.tif,108_6.tif,13,150,17.33
Genuine,108_3.tif,108_7.tif,16,158,20.25
Genuine,108_3.tif,108_8.tif,10,134,14.93
Genuine,108_4.tif,108_5.tif,13,164,15.85
Genuine,108_4.tif,108_6.tif,16,175,18.29
Genuine,108_4.tif,108_7.tif,19,183,20.77
Genuine,108_4.tif,108_8.tif,16,159,20.13
Genuine,108_5.tif,108_6.tif,14,151,18.54
Genuine,108_5.tif,108_7.tif,13,159,16.35
Genuine,108_5.tif,108_8.tif,11,135,16.3
Genuine,108_6.tif,108_7.tif,15,170,17.65
Genuine,108_6.tif,108_8.tif,13,146,17.81
Genuine,108_7.tif,108_8.tif,14,154,18.18
Genuine,109_1.tif,109_2.tif,23,174,26.44
Genuine,109_1.tif,109_3.tif,16,159,20.13
Genuine,109_1.tif,109_4.tif,22,172,25.58
Genuine,109_1.tif,109_5.tif,18,160,22.5
Genuine,109_1.tif,109_6.tif,19,183,20.77
Genuine,109_1.tif,109_7.tif,18,190,18.95
Genuine,109_1.tif,109_8.tif,13,169,15.38
Genuine,109_2.tif,109_3.tif,12,141,17.02
Genuine,109_2.tif,109_4.tif,17,154,22.08
Genuine,109_2.tif,109_5.tif,14,142,19.72
Genuine,109_2.tif,109_6.tif,15,165,18.18
Genuine,109_2.tif,109_7.tif,15,172,17.44
Genuine,109_2.tif,109_8.tif,13,151,17.22
Genuine,109_3.tif,109_4.tif,15,139,21.58
Genuine,109_3.tif,109_5.tif,10,127,15.75
Genuine,109_3.tif,109_6.tif,12,150,16.0
Genuine,109_3.tif,109_7.tif,14,157,17.83
Genuine,109_3.tif,109_8.tif,12,136,17.65
Genuine,109_4.tif,109_5.tif,16,140,22.86
Genuine,109_4.tif,109_6.tif,15,163,18.4
Genuine,109_4.tif,109_7.tif,13,170,15.29
Genuine,109_4.tif,109_8.tif,17,149,22.82
Genuine,109_5.tif,109_6.tif,12,151,15.89
Genuine,109_5.tif,109_7.tif,13,158,16.46
Genuine,109_5.tif,109_8.tif,11,137,16.06
Genuine,109_6.tif,109_7.tif,20,181,22.1
Genuine,109_6.tif,109_8.tif,15,160,18.75
Genuine,109_7.tif,109_8.tif,14,167,16.77
Genuine,110_1.tif,110_2.tif,10,101,19.8
Genuine,110_1.tif,110_3.tif,7,98,14.29
Genuine,110_1.tif,110_4.tif,8,136,11.76
Genuine,110_1.tif,110_5.tif,7,130,10.77
Genuine,110_1.tif,110_6.tif,8,117,13.68
Genuine,110_1.tif,110_7.tif,7,92,15.22
Genuine,110_1.tif,110_8.tif,7,97,14.43
Genuine,110_2.tif,110_3.tif,10,125,16.0
Genuine,110_2.tif,110_4.tif,13,163,15.95
Genuine,110_2.tif,110_5.tif,16,157,20.38
Genuine,110_2.tif,110_6.tif,13,144,18.06
Genuine,110_2.tif,110_7.tif,8,119,13.45
Genuine,110_2.tif,110_8.tif,13,124,20.97
Genuine,110_3.tif,110_4.tif,17,160,21.25
Genuine,110_3.tif,110_5.tif,15,154,19.48
Genuine,110_3.tif,110_6.tif,15,141,21.28
Genuine,110_3.tif,110_7.tif,9,116,15.52
Genuine,110_3.tif,110_8.tif,13,121,21.49
Genuine,110_4.tif,110_5.tif,19,192,19.79
Genuine,110_4.tif,110_6.tif,19,179,21.23
Genuine,110_4.tif,110_7.tif,14,154,18.18
Genuine,110_4.tif,110_8.tif,12,159,15.09
Genuine,110_5.tif,110_6.tif,19,173,21.97
Genuine,110_5.tif,110_7.tif,13,148,17.57
Genuine,110_5.tif,110_8.tif,15,153,19.61
Genuine,110_6.tif,110_7.tif,12,135,17.78
Genuine,110_6.tif,110_8.tif,14,140,20.0
Genuine,110_7.tif,110_8.tif,9,115,15.65
Genuine,101_1.tif,101_2.tif,10,104,19.23
Genuine,101_1.tif,101_3.tif,10,100,20.0
Genuine,101_1.tif,101_4.tif,8,103,15.53
Genuine,101_1.tif,101_5.tif,14,97,28.87
Genuine,101_1.tif,101_6.tif,7,100,14.0
Genuine,101_1.tif,101_7.tif,11,94,23.4
Genuine,101_1.tif,101_8.tif,6,94,12.77
Genuine,101_2.tif,101_3.tif,10,92,21.74
Genuine,101_2.tif,101_4.tif,11,95,23.16
Genuine,101_2.tif,101_5.tif,7,89,15.73
Genuine,101_2.tif,101_6.tif,9,92,19.57
Genuine,101_2.tif,101_7.tif,5,86,11.63
Genuine,101_2.tif,101_8.tif,7,86,16.28
Genuine,101_3.tif,101_4.tif,16,91,35.16
Genuine,101_3.tif,101_5.tif,6,85,14.12
Genuine,101_3.tif,101_6.tif,13,88,29.55
Genuine,101_3.tif,101_7.tif,6,82,14.63
Genuine,101_3.tif,101_8.tif,7,82,17.07
Genuine,101_4.tif,101_5.tif,6,88,13.64
Genuine,101_4.tif,101_6.tif,9,91,19.78
Genuine,101_4.tif,101_7.tif,6,85,14.12
Genuine,101_4.tif,101_8.tif,8,85,18.82
Genuine,101_5.tif,101_6.tif,7,85,16.47
Genuine,101_5.tif,101_7.tif,10,79,25.32
Genuine,101_5.tif,101_8.tif,7,79,17.72
Genuine,101_6.tif,101_7.tif,10,82,24.39
Genuine,101_6.tif,101_8.tif,6,82,14.63
Genuine,101_7.tif,101_8.tif,5,76,13.16
Genuine,102_1.tif,102_2.tif,10,126,15.87
Genuine,102_1.tif,102_3.tif,10,126,15.87
Genuine,102_1.tif,102_4.tif,8,109,14.68
Genuine,102_1.tif,102_5.tif,11,117,18.8
Genuine,102_1.tif,102_6.tif,7,100,14.0
Genuine,102_1.tif,102_7.tif,8,108,14.81
Genuine,102_1.tif,102_8.tif,7,101,13.86
Genuine,102_2.tif,102_3.tif,14,142,19.72
Genuine,102_2.tif,102_4.tif,9,125,14.4
Genuine,102_2.tif,102_5.tif,15,133,22.56
Genuine,102_2.tif,102_6.tif,8,116,13.79
Genuine,102_2.tif,102_7.tif,13,124,20.97
Genuine,102_2.tif,102_8.tif,10,117,17.09
Genuine,102_3.tif,102_4.tif,14,125,22.4
Genuine,102_3.tif,102_5.tif,12,133,18.05
Genuine,102_3.tif,102_6.tif,7,116,12.07
Genuine,102_3.tif,102_7.tif,14,124,22.58
Genuine,102_3.tif,102_8.tif,8,117,13.68
Genuine,102_4.tif,102_5.tif,10,116,17.24
Genuine,102_4.tif,102_6.tif,6,99,12.12
Genuine,102_4.tif,102_7.tif,7,107,13.08
Genuine,102_4.tif,102_8.tif,7,100,14.0
Genuine,102_5.tif,102_6.tif,8,107,14.95
Genuine,102_5.tif,102_7.tif,10,115,17.39
Genuine,102_5.tif,102_8.tif,7,108,12.96
Genuine,102_6.tif,102_7.tif,7,98,14.29
Genuine,102_6.tif,102_8.tif,6,91,13.19
Genuine,102_7.tif,102_8.tif,7,99,14.14
Genuine,103_1.tif,103_2.tif,18,149,24.16
Genuine,103_1.tif,103_3.tif,16,153,20.92
Genuine,103_1.tif,103_4.tif,13,145,17.93
Genuine,103_1.tif,103_5.tif,15,164,18.29
Genuine,103_1.tif,103_6.tif,14,144,19.44
Genuine,103_1.tif,103_7.tif,15,145,20.69
Genuine,103_1.tif,103_8.tif,14,153,18.3
Genuine,103_2.tif,103_3.tif,19,148,25.68
Genuine,103_2.tif,103_4.tif,19,140,27.14
Genuine,103_2.tif,103_5.tif,12,159,15.09
Genuine,103_2.tif,103_6.tif,13,139,18.71
Genuine,103_2.tif,103_7.tif,13,140,18.57
Genuine,103_2.tif,103_8.tif,18,148,24.32
Genuine,103_3.tif,103_4.tif,16,144,22.22
Genuine,103_3.tif,103_5.tif,17,163,20.86
Genuine,103_3.tif,103_6.tif,11,143,15.38
Genuine,103_3.tif,103_7.tif,12,144,16.67
Genuine,103_3.tif,103_8.tif,12,152,15.79
Genuine,103_4.tif,103_5.tif,14,155,18.06
Genuine,103_4.tif,103_6.tif,11,135,16.3
Genuine,103_4.tif,103_7.tif,14,136,20.59
Genuine,103_4.tif,103_8.tif,11,144,15.28
Genuine,103_5.tif,103_6.tif,12,154,15.58
Genuine,103_5.tif,103_7.tif,14,155,18.06
Genuine,103_5.tif,103_8.tif,17,163,20.86
Genuine,103_6.tif,103_7.tif,11,135,16.3
Genuine,103_6.tif,103_8.tif,13,143,18.18
Genuine,103_7.tif,103_8.tif,13,144,18.06
Genuine,104_1.tif,104_2.tif,15,111,27.03
Genuine,104_1.tif,104_3.tif,13,127,20.47
Genuine,104_1.tif,104_4.tif,8,102,15.69
Genuine,104_1.tif,104_5.tif,7,106,13.21
Genuine,104_1.tif,104_6.tif,12,113,21.24
Genuine,104_1.tif,104_7.tif,8,95,16.84
Genuine,104_1.tif,104_8.tif,8,91,17.58
Genuine,104_2.tif,104_3.tif,20,134,29.85
Genuine,104_2.tif,104_4.tif,10,109,18.35
Genuine,104_2.tif,104_5.tif,9,113,15.93
Genuine,104_2.tif,104_6.tif,9,120,15.0
Genuine,104_2.tif,104_7.tif,8,102,15.69
Genuine,104_2.tif,104_8.tif,8,98,16.33
Genuine,104_3.tif,104_4.tif,11,125,17.6
Genuine,104_3.tif,104_5.tif,15,129,23.26
Genuine,104_3.tif,104_6.tif,12,136,17.65
Genuine,104_3.tif,104_7.tif,11,118,18.64
Genuine,104_3.tif,104_8.tif,10,114,17.54
Genuine,104_4.tif,104_5.tif,9,104,17.31
Genuine,104_4.tif,104_6.tif,11,111,19.82
Genuine,104_4.tif,104_7.tif,8,93,17.2
Genuine,104_4.tif,104_8.tif,7,89,15.73
Genuine,104_5.tif,104_6.tif,13,115,22.61
Genuine,104_5.tif,104_7.tif,13,97,26.8
Genuine,104_5.tif,104_8.tif,12,93,25.81
Genuine,104_6.tif,104_7.tif,10,104,19.23
Genuine,104_6.tif,104_8.tif,10,100,20.0
Genuine,104_7.tif,104_8.tif,5,82,12.2
Genuine,105_1.tif,105_2.tif,11,106,20.75
Genuine,105_1.tif,105_3.tif,6,87,13.79
Genuine,105_1.tif,105_4.tif,7,96,14.58
Genuine,105_1.tif,105_5.tif,9,107,16.82
Genuine,105_1.tif,105_6.tif,7,95,14.74
Genuine,105_1.tif,105_7.tif,6,85,14.12
Genuine,105_1.tif,105_8.tif,9,98,18.37
Genuine,105_2.tif,105_3.tif,7,99,14.14
Genuine,105_2.tif,105_4.tif,7,108,12.96
Genuine,105_2.tif,105_5.tif,9,119,15.13
Genuine,105_2.tif,105_6.tif,9,107,16.82
Genuine,105_2.tif,105_7.tif,6,97,12.37
Genuine,105_2.tif,105_8.tif,11,110,20.0
Genuine,105_3.tif,105_4.tif,7,89,15.73
Genuine,105_3.tif,105_5.tif,10,100,20.0
Genuine,105_3.tif,105_6.tif,6,88,13.64
Genuine,105_3.tif,105_7.tif,7,78,17.95
Genuine,105_3.tif,105_8.tif,9,91,19.78
Genuine,105_4.tif,105_5.tif,7,109,12.84
Genuine,105_4.tif,105_6.tif,8,97,16.49
Genuine,105_4.tif,105_7.tif,5,87,11.49
Genuine,105_4.tif,105_8.tif,7,100,14.0
Genuine,105_5.tif,105_6.tif,8,108,14.81
Genuine,105_5.tif,105_7.tif,8,98,16.33
Genuine,105_5.tif,105_8.tif,9,111,16.22
Genuine,105_6.tif,105_7.tif,8,86,18.6
Genuine,105_6.tif,105_8.tif,7,99,14.14
Genuine,105_7.tif,105_8.tif,9,89,20.22
Genuine,106_1.tif,106_2.tif,12,164,14.63
Genuine,106_1.tif,106_3.tif,16,135,23.7
Genuine,106_1.tif,106_4.tif,16,142,22.54
Genuine,106_1.tif,106_5.tif,8,105,15.24
Genuine,106_1.tif,106_6.tif,14,120,23.33
Genuine,106_1.tif,106_7.tif,15,139,21.58
Genuine,106_1.tif,106_8.tif,11,129,17.05
Genuine,106_2.tif,106_3.tif,16,183,17.49
Genuine,106_2.tif,106_4.tif,21,190,22.11
Genuine,106_2.tif,106_5.tif,14,153,18.3
Genuine,106_2.tif,106_6.tif,17,168,20.24
Genuine,106_2.tif,106_7.tif,16,187,17.11
Genuine,106_2.tif,106_8.tif,17,177,19.21
Genuine,106_3.tif,106_4.tif,15,161,18.63
Genuine,106_3.tif,106_5.tif,9,124,14.52
Genuine,106_3.tif,106_6.tif,13,139,18.71
Genuine,106_3.tif,106_7.tif,13,158,16.46
Genuine,106_3.tif,106_8.tif,12,148,16.22
Genuine,106_4.tif,106_5.tif,8,131,12.21
Genuine,106_4.tif,106_6.tif,14,146,19.18
Genuine,106_4.tif,106_7.tif,24,165,29.09
Genuine,106_4.tif,106_8.tif,11,155,14.19
Genuine,106_5.tif,106_6.tif,8,109,14.68
Genuine,106_5.tif,106_7.tif,8,128,12.5
Genuine,106_5.tif,106_8.tif,9,118,15.25
Genuine,106_6.tif,106_7.tif,13,143,18.18
Genuine,106_6.tif,106_8.tif,12,133,18.05
Genuine,106_7.tif,106_8.tif,19,152,25.0
Genuine,107_1.tif,107_2.tif,10,109,18.35
Genuine,107_1.tif,107_3.tif,8,109,14.68
Genuine,107_1.tif,107_4.tif,9,115,15.65
Genuine,107_1.tif,107_5.tif,8,98,16.33
Genuine,107_1.tif,107_6.tif,6,93,12.9
Genuine,107_1.tif,107_7.tif,9,105,17.14
Genuine,107_1.tif,107_8.tif,8,99,16.16
Genuine,107_2.tif,107_3.tif,14,112,25.0
Genuine,107_2.tif,107_4.tif,11,118,18.64
Genuine,107_2.tif,107_5.tif,7,101,13.86
Genuine,107_2.tif,107_6.tif,8,96,16.67
Genuine,107_2.tif,107_7.tif,10,108,18.52
Genuine,107_2.tif,107_8.tif,8,102,15.69
Genuine,107_3.tif,107_4.tif,14,118,23.73
Genuine,107_3.tif,107_5.tif,8,101,15.84
Genuine,107_3.tif,107_6.tif,7,96,14.58
Genuine,107_3.tif,107_7.tif,14,108,25.93
Genuine,107_3.tif,107_8.tif,10,102,19.61
Genuine,107_4.tif,107_5.tif,10,107,18.69
Genuine,107_4.tif,107_6.tif,9,102,17.65
Genuine,107_4.tif,107_7.tif,8,114,14.04
Genuine,107_4.tif,107_8.tif,9,108,16.67
Genuine,107_5.tif,107_6.tif,19,85,44.71
Genuine,107_5.tif,107_7.tif,18,97,37.11
Genuine,107_5.tif,107_8.tif,15,91,32.97
Genuine,107_6.tif,107_7.tif,9,92,19.57
Genuine,107_6.tif,107_8.tif,12,86,27.91
Genuine,107_7.tif,107_8.tif,6,98,12.24
Genuine,108_1.tif,108_2.tif,14,162,17.28
Genuine,108_1.tif,108_3.tif,12,138,17.39
Genuine,108_1.tif,108_4.tif,15,163,18.4
Genuine,108_1.tif,108_5.tif,10,139,14.39
Genuine,108_1.tif,108_6.tif,15,150,20.0
Genuine,108_1.tif,108_7.tif,18,158,22.78
Genuine,108_1.tif,108_8.tif,12,134,17.91
Genuine,108_2.tif,108_3.tif,14,162,17.28
Genuine,108_2.tif,108_4.tif,17,187,18.18
Genuine,108_2.tif,108_5.tif,14,163,17.18
Genuine,108_2.tif,108_6.tif,15,174,17.24
Genuine,108_2.tif,108_7.tif,15,182,16.48
Genuine,108_2.tif,108_8.tif,13,158,16.46
Genuine,108_3.tif,108_4.tif,16,163,19.63
Genuine,108_3.tif,108_5.tif,11,139,15.83
Genuine,108_3.tif,108_6.tif,13,150,17.33
Genuine,108_3.tif,108_7.tif,16,158,20.25
Genuine,108_3.tif,108_8.tif,10,134,14.93
Genuine,108_4.tif,108_5.tif,13,164,15.85
Genuine,108_4.tif,108_6.tif,16,175,18.29
Genuine,108_4.tif,108_7.tif,19,183,20.77
Genuine,108_4.tif,108_8.tif,16,159,20.13
Genuine,108_5.tif,108_6.tif,14,151,18.54
Genuine,108_5.tif,108_7.tif,13,159,16.35
Genuine,108_5.tif,108_8.tif,11,135,16.3
Genuine,108_6.tif,108_7.tif,15,170,17.65
Genuine,108_6.tif,108_8.tif,13,146,17.81
Genuine,108_7.tif,108_8.tif,14,154,18.18
Genuine,109_1.tif,109_2.tif,23,174,26.44
Genuine,109_1.tif,109_3.tif,16,159,20.13
Genuine,109_1.tif,109_4.tif,22,172,25.58
Genuine,109_1.tif,109_5.tif,18,160,22.5
Genuine,109_1.tif,109_6.tif,19,183,20.77
Genuine,109_1.tif,109_7.tif,18,190,18.95
Genuine,109_1.tif,109_8.tif,13,169,15.38
Genuine,109_2.tif,109_3.tif,12,141,17.02
Genuine,109_2.tif,109_4.tif,17,154,22.08
Genuine,109_2.tif,109_5.tif,14,142,19.72
Genuine,109_2.tif,109_6.tif,15,165,18.18
Genuine,109_2.tif,109_7.tif,15,172,17.44
Genuine,109_2.tif,109_8.tif,13,151,17.22
Genuine,109_3.tif,109_4.tif,15,139,21.58
Genuine,109_3.tif,109_5.tif,10,127,15.75
Genuine,109_3.tif,109_6.tif,12,150,16.0
Genuine,109_3.tif,109_7.tif,14,157,17.83
Genuine,109_3.tif,109_8.tif,12,136,17.65
Genuine,109_4.tif,109_5.tif,16,140,22.86
Genuine,109_4.tif,109_6.tif,15,163,18.4
Genuine,109_4.tif,109_7.tif,13,170,15.29
Genuine,109_4.tif,109_8.tif,17,149,22.82
Genuine,109_5.tif,109_6.tif,12,151,15.89
Genuine,109_5.tif,109_7.tif,13,158,16.46
Genuine,109_5.tif,109_8.tif,11,137,16.06
Genuine,109_6.tif,109_7.tif,20,181,22.1
Genuine,109_6.tif,109_8.tif,15,160,18.75
Genuine,109_7.tif,109_8.tif,14,167,16.77
Genuine,110_1.tif,110_2.tif,10,101,19.8
Genuine,110_1.tif,110_3.tif,7,98,14.29
Genuine,110_1.tif,110_4.tif,8,136,11.76
Genuine,110_1.tif,110_5.tif,7,130,10.77
Genuine,110_1.tif,110_6.tif,8,117,13.68
Genuine,110_1.tif,110_7.tif,7,92,15.22
Genuine,110_1.tif,110_8.tif,7,97,14.43
Genuine,110_2.tif,110_3.tif,10,125,16.0
Genuine,110_2.tif,110_4.tif,13,163,15.95
Genuine,110_2.tif,110_5.tif,16,157,20.38
Genuine,110_2.tif,110_6.tif,13,144,18.06
Genuine,110_2.tif,110_7.tif,8,119,13.45
Genuine,110_2.tif,110_8.tif,13,124,20.97
Genuine,110_3.tif,110_4.tif,17,160,21.25
Genuine,110_3.tif,110_5.tif,15,154,19.48
Genuine,110_3.tif,110_6.tif,15,141,21.28
Genuine,110_3.tif,110_7.tif,9,116,15.52
Genuine,110_3.tif,110_8.tif,13,121,21.49
Genuine,110_4.tif,110_5.tif,19,192,19.79
Genuine,110_4.tif,110_6.tif,19,179,21.23
Genuine,110_4.tif,110_7.tif,14,154,18.18
Genuine,110_4.tif,110_8.tif,12,159,15.09
Genuine,110_5.tif,110_6.tif,19,173,21.97
Genuine,110_5.tif,110_7.tif,13,148,17.57
Genuine,110_5.tif,110_8.tif,15,153,19.61
Genuine,110_6.tif,110_7.tif,12,135,17.78
Genuine,110_6.tif,110_8.tif,14,140,20.0
Genuine,110_7.tif,110_8.tif,9,115,15.65
Genuine,101_1.tif,101_2.tif,16,182,17.58
Genuine,101_1.tif,101_3.tif,14,166,16.87
Genuine,101_1.tif,101_4.tif,14,162,17.28
Genuine,101_1.tif,101_5.tif,15,157,19.11
Genuine,101_1.tif,101_6.tif,11,146,15.07
Genuine,101_1.tif,101_7.tif,13,153,16.99
Genuine,101_1.tif,101_8.tif,13,152,17.11
Genuine,101_2.tif,101_3.tif,15,178,16.85
Genuine,101_2.tif,101_4.tif,14,174,16.09
Genuine,101_2.tif,101_5.tif,16,169,18.93
Genuine,101_2.tif,101_6.tif,14,158,17.72
Genuine,101_2.tif,101_7.tif,12,165,14.55
Genuine,101_2.tif,101_8.tif,14,164,17.07
Genuine,101_3.tif,101_4.tif,15,158,18.99
Genuine,101_3.tif,101_5.tif,16,153,20.92
Genuine,101_3.tif,101_6.tif,11,142,15.49
Genuine,101_3.tif,101_7.tif,12,149,16.11
Genuine,101_3.tif,101_8.tif,13,148,17.57
Genuine,101_4.tif,101_5.tif,16,149,21.48
Genuine,101_4.tif,101_6.tif,11,138,15.94
Genuine,101_4.tif,101_7.tif,12,145,16.55
Genuine,101_4.tif,101_8.tif,14,144,19.44
Genuine,101_5.tif,101_6.tif,11,133,16.54
Genuine,101_5.tif,101_7.tif,13,140,18.57
Genuine,101_5.tif,101_8.tif,11,139,15.83
Genuine,101_6.tif,101_7.tif,11,129,17.05
Genuine,101_6.tif,101_8.tif,11,128,17.19
Genuine,101_7.tif,101_8.tif,11,135,16.3
Genuine,102_1.tif,102_2.tif,26,194,26.8
Genuine,102_1.tif,102_3.tif,19,199,19.1
Genuine,102_1.tif,102_4.tif,19,194,19.59
Genuine,102_1.tif,102_5.tif,17,189,17.99
Genuine,102_1.tif,102_6.tif,18,181,19.89
Genuine,102_1.tif,102_7.tif,19,181,20.99
Genuine,102_1.tif,102_8.tif,20,209,19.14
Genuine,102_2.tif,102_3.tif,22,209,21.05
Genuine,102_2.tif,102_4.tif,25,204,24.51
Genuine,102_2.tif,102_5.tif,18,199,18.09
Genuine,102_2.tif,102_6.tif,19,191,19.9
Genuine,102_2.tif,102_7.tif,18,191,18.85
Genuine,102_2.tif,102_8.tif,24,219,21.92
Genuine,102_3.tif,102_4.tif,22,209,21.05
Genuine,102_3.tif,102_5.tif,19,204,18.63
Genuine,102_3.tif,102_6.tif,20,196,20.41
Genuine,102_3.tif,102_7.tif,20,196,20.41
Genuine,102_3.tif,102_8.tif,22,224,19.64
Genuine,102_4.tif,102_5.tif,24,199,24.12
Genuine,102_4.tif,102_6.tif,19,191,19.9
Genuine,102_4.tif,102_7.tif,21,191,21.99
Genuine,102_4.tif,102_8.tif,25,219,22.83
Genuine,102_5.tif,102_6.tif,18,186,19.35
Genuine,102_5.tif,102_7.tif,18,186,19.35
Genuine,102_5.tif,102_8.tif,24,214,22.43
Genuine,102_6.tif,102_7.tif,18,178,20.22
Genuine,102_6.tif,102_8.tif,23,206,22.33
Genuine,102_7.tif,102_8.tif,25,206,24.27
Genuine,103_1.tif,103_2.tif,20,207,19.32
Genuine,103_1.tif,103_3.tif,19,201,18.91
Genuine,103_1.tif,103_4.tif,19,197,19.29
Genuine,103_1.tif,103_5.tif,24,209,22.97
Genuine,103_1.tif,103_6.tif,25,220,22.73
Genuine,103_1.tif,103_7.tif,20,199,20.1
Genuine,103_1.tif,103_8.tif,23,213,21.6
Genuine,103_2.tif,103_3.tif,26,216,24.07
Genuine,103_2.tif,103_4.tif,28,212,26.42
Genuine,103_2.tif,103_5.tif,25,224,22.32
Genuine,103_2.tif,103_6.tif,22,235,18.72
Genuine,103_2.tif,103_7.tif,23,214,21.5
Genuine,103_2.tif,103_8.tif,25,228,21.93
Genuine,103_3.tif,103_4.tif,23,206,22.33
Genuine,103_3.tif,103_5.tif,22,218,20.18
Genuine,103_3.tif,103_6.tif,23,229,20.09
Genuine,103_3.tif,103_7.tif,25,208,24.04
Genuine,103_3.tif,103_8.tif,22,222,19.82
Genuine,103_4.tif,103_5.tif,19,214,17.76
Genuine,103_4.tif,103_6.tif,21,225,18.67
Genuine,103_4.tif,103_7.tif,24,204,23.53
Genuine,103_4.tif,103_8.tif,24,218,22.02
Genuine,103_5.tif,103_6.tif,39,237,32.91
Genuine,103_5.tif,103_7.tif,19,216,17.59
Genuine,103_5.tif,103_8.tif,23,230,20.0
Genuine,103_6.tif,103_7.tif,23,227,20.26
Genuine,103_6.tif,103_8.tif,26,241,21.58
Genuine,103_7.tif,103_8.tif,23,220,20.91
Genuine,104_1.tif,104_2.tif,15,158,18.99
Genuine,104_1.tif,104_3.tif,15,160,18.75
Genuine,104_1.tif,104_4.tif,16,164,19.51
Genuine,104_1.tif,104_5.tif,13,153,16.99
Genuine,104_1.tif,104_6.tif,14,151,18.54
Genuine,104_1.tif,104_7.tif,13,153,16.99
Genuine,104_1.tif,104_8.tif,13,155,16.77
Genuine,104_2.tif,104_3.tif,14,162,17.28
Genuine,104_2.tif,104_4.tif,16,166,19.28
Genuine,104_2.tif,104_5.tif,17,155,21.94
Genuine,104_2.tif,104_6.tif,14,153,18.3
Genuine,104_2.tif,104_7.tif,14,155,18.06
Genuine,104_2.tif,104_8.tif,15,157,19.11
Genuine,104_3.tif,104_4.tif,17,168,20.24
Genuine,104_3.tif,104_5.tif,13,157,16.56
Genuine,104_3.tif,104_6.tif,11,155,14.19
Genuine,104_3.tif,104_7.tif,13,157,16.56
Genuine,104_3.tif,104_8.tif,13,159,16.35
Genuine,104_4.tif,104_5.tif,14,161,17.39
Genuine,104_4.tif,104_6.tif,13,159,16.35
Genuine,104_4.tif,104_7.tif,16,161,19.88
Genuine,104_4.tif,104_8.tif,15,163,18.4
Genuine,104_5.tif,104_6.tif,17,148,22.97
Genuine,104_5.tif,104_7.tif,15,150,20.0
Genuine,104_5.tif,104_8.tif,15,152,19.74
Genuine,104_6.tif,104_7.tif,14,148,18.92
Genuine,104_6.tif,104_8.tif,13,150,17.33
Genuine,104_7.tif,104_8.tif,14,152,18.42
Genuine,105_1.tif,105_2.tif,14,167,16.77
Genuine,105_1.tif,105_3.tif,12,144,16.67
Genuine,105_1.tif,105_4.tif,12,140,17.14
Genuine,105_1.tif,105_5.tif,12,152,15.79
Genuine,105_1.tif,105_6.tif,14,166,16.87
Genuine,105_1.tif,105_7.tif,16,165,19.39
Genuine,105_1.tif,105_8.tif,13,153,16.99
Genuine,105_2.tif,105_3.tif,17,167,20.36
Genuine,105_2.tif,105_4.tif,14,163,17.18
Genuine,105_2.tif,105_5.tif,17,175,19.43
Genuine,105_2.tif,105_6.tif,18,189,19.05
Genuine,105_2.tif,105_7.tif,16,188,17.02
Genuine,105_2.tif,105_8.tif,17,176,19.32
Genuine,105_3.tif,105_4.tif,11,140,15.71
Genuine,105_3.tif,105_5.tif,17,152,22.37
Genuine,105_3.tif,105_6.tif,15,166,18.07
Genuine,105_3.tif,105_7.tif,14,165,16.97
Genuine,105_3.tif,105_8.tif,13,153,16.99
Genuine,105_4.tif,105_5.tif,13,148,17.57
Genuine,105_4.tif,105_6.tif,14,162,17.28
Genuine,105_4.tif,105_7.tif,13,161,16.15
Genuine,105_4.tif,105_8.tif,12,149,16.11
Genuine,105_5.tif,105_6.tif,15,174,17.24
Genuine,105_5.tif,105_7.tif,21,173,24.28
Genuine,105_5.tif,105_8.tif,15,161,18.63
Genuine,105_6.tif,105_7.tif,25,187,26.74
Genuine,105_6.tif,105_8.tif,16,175,18.29
Genuine,105_7.tif,105_8.tif,17,174,19.54
Genuine,106_1.tif,106_2.tif,14,150,18.67
Genuine,106_1.tif,106_3.tif,17,169,20.12
Genuine,106_1.tif,106_4.tif,14,151,18.54
Genuine,106_1.tif,106_5.tif,14,155,18.06
Genuine,106_1.tif,106_6.tif,17,171,19.88
Genuine,106_1.tif,106_7.tif,13,150,17.33
Genuine,106_1.tif,106_8.tif,13,139,18.71
Genuine,106_2.tif,106_3.tif,13,163,15.95
Genuine,106_2.tif,106_4.tif,13,145,17.93
Genuine,106_2.tif,106_5.tif,13,149,17.45
Genuine,106_2.tif,106_6.tif,13,165,15.76
Genuine,106_2.tif,106_7.tif,12,144,16.67
Genuine,106_2.tif,106_8.tif,12,133,18.05
Genuine,106_3.tif,106_4.tif,15,164,18.29
Genuine,106_3.tif,106_5.tif,14,168,16.67
Genuine,106_3.tif,106_6.tif,16,184,17.39
Genuine,106_3.tif,106_7.tif,12,163,14.72
Genuine,106_3.tif,106_8.tif,12,152,15.79
Genuine,106_4.tif,106_5.tif,11,150,14.67
Genuine,106_4.tif,106_6.tif,15,166,18.07
Genuine,106_4.tif,106_7.tif,13,145,17.93
Genuine,106_4.tif,106_8.tif,14,134,20.9
Genuine,106_5.tif,106_6.tif,18,170,21.18
Genuine,106_5.tif,106_7.tif,12,149,16.11
Genuine,106_5.tif,106_8.tif,11,138,15.94
Genuine,106_6.tif,106_7.tif,12,165,14.55
Genuine,106_6.tif,106_8.tif,14,154,18.18
Genuine,106_7.tif,106_8.tif,12,133,18.05
Genuine,107_1.tif,107_2.tif,16,123,26.02
Genuine,107_1.tif,107_3.tif,22,145,30.34
Genuine,107_1.tif,107_4.tif,14,145,19.31
Genuine,107_1.tif,107_5.tif,15,151,19.87
Genuine,107_1.tif,107_6.tif,13,139,18.71
Genuine,107_1.tif,107_7.tif,12,139,17.27
Genuine,107_1.tif,107_8.tif,11,142,15.49
Genuine,107_2.tif,107_3.tif,10,118,16.95
Genuine,107_2.tif,107_4.tif,9,118,15.25
Genuine,107_2.tif,107_5.tif,12,124,19.35
Genuine,107_2.tif,107_6.tif,7,112,12.5
Genuine,107_2.tif,107_7.tif,7,112,12.5
Genuine,107_2.tif,107_8.tif,9,115,15.65
Genuine,107_3.tif,107_4.tif,13,140,18.57
Genuine,107_3.tif,107_5.tif,17,146,23.29
Genuine,107_3.tif,107_6.tif,9,134,13.43
Genuine,107_3.tif,107_7.tif,15,134,22.39
Genuine,107_3.tif,107_8.tif,11,137,16.06
Genuine,107_4.tif,107_5.tif,13,146,17.81
Genuine,107_4.tif,107_6.tif,11,134,16.42
Genuine,107_4.tif,107_7.tif,11,134,16.42
Genuine,107_4.tif,107_8.tif,8,137,11.68
Genuine,107_5.tif,107_6.tif,12,140,17.14
Genuine,107_5.tif,107_7.tif,11,140,15.71
Genuine,107_5.tif,107_8.tif,10,143,13.99
Genuine,107_6.tif,107_7.tif,10,128,15.62
Genuine,107_6.tif,107_8.tif,13,131,19.85
Genuine,107_7.tif,107_8.tif,12,131,18.32
Genuine,108_1.tif,108_2.tif,15,185,16.22
Genuine,108_1.tif,108_3.tif,21,200,21.0
Genuine,108_1.tif,108_4.tif,16,190,16.84
Genuine,108_1.tif,108_5.tif,21,209,20.1
Genuine,108_1.tif,108_6.tif,19,209,18.18
Genuine,108_1.tif,108_7.tif,20,221,18.1
Genuine,108_1.tif,108_8.tif,21,216,19.44
Genuine,108_2.tif,108_3.tif,15,159,18.87
Genuine,108_2.tif,108_4.tif,12,149,16.11
Genuine,108_2.tif,108_5.tif,14,168,16.67
Genuine,108_2.tif,108_6.tif,17,168,20.24
Genuine,108_2.tif,108_7.tif,15,180,16.67
Genuine,108_2.tif,108_8.tif,14,175,16.0
Genuine,108_3.tif,108_4.tif,16,164,19.51
Genuine,108_3.tif,108_5.tif,20,183,21.86
Genuine,108_3.tif,108_6.tif,16,183,17.49
Genuine,108_3.tif,108_7.tif,17,195,17.44
Genuine,108_3.tif,108_8.tif,20,190,21.05
Genuine,108_4.tif,108_5.tif,16,173,18.5
Genuine,108_4.tif,108_6.tif,23,173,26.59
Genuine,108_4.tif,108_7.tif,20,185,21.62
Genuine,108_4.tif,108_8.tif,16,180,17.78
Genuine,108_5.tif,108_6.tif,16,192,16.67
Genuine,108_5.tif,108_7.tif,23,204,22.55
Genuine,108_5.tif,108_8.tif,19,199,19.1
Genuine,108_6.tif,108_7.tif,23,204,22.55
Genuine,108_6.tif,108_8.tif,20,199,20.1
Genuine,108_7.tif,108_8.tif,23,211,21.8
Genuine,109_1.tif,109_2.tif,16,153,20.92
Genuine,109_1.tif,109_3.tif,14,156,17.95
Genuine,109_1.tif,109_4.tif,14,155,18.06
Genuine,109_1.tif,109_5.tif,11,120,18.33
Genuine,109_1.tif,109_6.tif,13,141,18.44
Genuine,109_1.tif,109_7.tif,11,145,15.17
Genuine,109_1.tif,109_8.tif,15,150,20.0
Genuine,109_2.tif,109_3.tif,15,169,17.75
Genuine,109_2.tif,109_4.tif,17,168,20.24
Genuine,109_2.tif,109_5.tif,11,133,16.54
Genuine,109_2.tif,109_6.tif,15,154,19.48
Genuine,109_2.tif,109_7.tif,14,158,17.72
Genuine,109_2.tif,109_8.tif,17,163,20.86
Genuine,109_3.tif,109_4.tif,20,171,23.39
Genuine,109_3.tif,109_5.tif,12,136,17.65
Genuine,109_3.tif,109_6.tif,14,157,17.83
Genuine,109_3.tif,109_7.tif,14,161,17.39
Genuine,109_3.tif,109_8.tif,14,166,16.87
Genuine,109_4.tif,109_5.tif,12,135,17.78
Genuine,109_4.tif,109_6.tif,13,156,16.67
Genuine,109_4.tif,109_7.tif,16,160,20.0
Genuine,109_4.tif,109_8.tif,15,165,18.18
Genuine,109_5.tif,109_6.tif,12,121,19.83
Genuine,109_5.tif,109_7.tif,9,125,14.4
Genuine,109_5.tif,109_8.tif,11,130,16.92
Genuine,109_6.tif,109_7.tif,11,146,15.07
Genuine,109_6.tif,109_8.tif,13,151,17.22
Genuine,109_7.tif,109_8.tif,13,155,16.77
Genuine,110_1.tif,110_2.tif,19,185,20.54
Genuine,110_1.tif,110_3.tif,18,174,20.69
Genuine,110_1.tif,110_4.tif,17,169,20.12
Genuine,110_1.tif,110_5.tif,11,154,14.29
Genuine,110_1.tif,110_6.tif,13,148,17.57
Genuine,110_1.tif,110_7.tif,17,166,20.48
Genuine,110_1.tif,110_8.tif,16,181,17.68
Genuine,110_2.tif,110_3.tif,15,171,17.54
Genuine,110_2.tif,110_4.tif,13,166,15.66
Genuine,110_2.tif,110_5.tif,12,151,15.89
Genuine,110_2.tif,110_6.tif,13,145,17.93
Genuine,110_2.tif,110_7.tif,16,163,19.63
Genuine,110_2.tif,110_8.tif,15,178,16.85
Genuine,110_3.tif,110_4.tif,14,155,18.06
Genuine,110_3.tif,110_5.tif,12,140,17.14
Genuine,110_3.tif,110_6.tif,11,134,16.42
Genuine,110_3.tif,110_7.tif,13,152,17.11
Genuine,110_3.tif,110_8.tif,14,167,16.77
Genuine,110_4.tif,110_5.tif,15,135,22.22
Genuine,110_4.tif,110_6.tif,12,129,18.6
Genuine,110_4.tif,110_7.tif,14,147,19.05
Genuine,110_4.tif,110_8.tif,14,162,17.28
Genuine,110_5.tif,110_6.tif,11,114,19.3
Genuine,110_5.tif,110_7.tif,11,132,16.67
Genuine,110_5.tif,110_8.tif,11,147,14.97
Genuine,110_6.tif,110_7.tif,10,126,15.87
Genuine,110_6.tif,110_8.tif,10,141,14.18
Genuine,110_7.tif,110_8.tif,16,159,20.13
Genuine,101_1.tif,101_2.tif,12,110,21.82
Genuine,101_1.tif,101_3.tif,16,136,23.53
Genuine,101_1.tif,101_4.tif,9,114,15.79
Genuine,101_1.tif,101_5.tif,10,113,17.7
Genuine,101_1.tif,101_6.tif,11,118,18.64
Genuine,101_1.tif,101_7.tif,11,101,21.78
Genuine,101_1.tif,101_8.tif,16,135,23.7
Genuine,101_2.tif,101_3.tif,16,130,24.62
Genuine,101_2.tif,101_4.tif,9,108,16.67
Genuine,101_2.tif,101_5.tif,7,107,13.08
Genuine,101_2.tif,101_6.tif,10,112,17.86
Genuine,101_2.tif,101_7.tif,7,95,14.74
Genuine,101_2.tif,101_8.tif,13,129,20.16
Genuine,101_3.tif,101_4.tif,13,134,19.4
Genuine,101_3.tif,101_5.tif,16,133,24.06
Genuine,101_3.tif,101_6.tif,15,138,21.74
Genuine,101_3.tif,101_7.tif,15,121,24.79
Genuine,101_3.tif,101_8.tif,15,155,19.35
Genuine,101_4.tif,101_5.tif,7,111,12.61
Genuine,101_4.tif,101_6.tif,10,116,17.24
Genuine,101_4.tif,101_7.tif,7,99,14.14
Genuine,101_4.tif,101_8.tif,12,133,18.05
Genuine,101_5.tif,101_6.tif,16,115,27.83
Genuine,101_5.tif,101_7.tif,9,98,18.37
Genuine,101_5.tif,101_8.tif,11,132,16.67
Genuine,101_6.tif,101_7.tif,11,103,21.36
Genuine,101_6.tif,101_8.tif,12,137,17.52
Genuine,101_7.tif,101_8.tif,13,120,21.67
Genuine,102_1.tif,102_2.tif,20,156,25.64
Genuine,102_1.tif,102_3.tif,24,153,31.37
Genuine,102_1.tif,102_4.tif,13,128,20.31
Genuine,102_1.tif,102_5.tif,14,142,19.72
Genuine,102_1.tif,102_6.tif,16,131,24.43
Genuine,102_1.tif,102_7.tif,13,112,23.21
Genuine,102_1.tif,102_8.tif,17,126,26.98
Genuine,102_2.tif,102_3.tif,25,177,28.25
Genuine,102_2.tif,102_4.tif,19,152,25.0
Genuine,102_2.tif,102_5.tif,16,166,19.28
Genuine,102_2.tif,102_6.tif,17,155,21.94
Genuine,102_2.tif,102_7.tif,16,136,23.53
Genuine,102_2.tif,102_8.tif,17,150,22.67
Genuine,102_3.tif,102_4.tif,14,149,18.79
Genuine,102_3.tif,102_5.tif,16,163,19.63
Genuine,102_3.tif,102_6.tif,14,152,18.42
Genuine,102_3.tif,102_7.tif,15,133,22.56
Genuine,102_3.tif,102_8.tif,19,147,25.85
Genuine,102_4.tif,102_5.tif,17,138,24.64
Genuine,102_4.tif,102_6.tif,15,127,23.62
Genuine,102_4.tif,102_7.tif,12,108,22.22
Genuine,102_4.tif,102_8.tif,12,122,19.67
Genuine,102_5.tif,102_6.tif,24,141,34.04
Genuine,102_5.tif,102_7.tif,9,122,14.75
Genuine,102_5.tif,102_8.tif,11,136,16.18
Genuine,102_6.tif,102_7.tif,11,111,19.82
Genuine,102_6.tif,102_8.tif,17,125,27.2
Genuine,102_7.tif,102_8.tif,17,106,32.08
Genuine,103_1.tif,103_2.tif,7,87,16.09
Genuine,103_1.tif,103_3.tif,7,77,18.18
Genuine,103_1.tif,103_4.tif,6,85,14.12
Genuine,103_1.tif,103_5.tif,6,89,13.48
Genuine,103_1.tif,103_6.tif,7,103,13.59
Genuine,103_1.tif,103_7.tif,7,82,17.07
Genuine,103_1.tif,103_8.tif,10,98,20.41
Genuine,103_2.tif,103_3.tif,5,80,12.5
Genuine,103_2.tif,103_4.tif,8,88,18.18
Genuine,103_2.tif,103_5.tif,7,92,15.22
Genuine,103_2.tif,103_6.tif,10,106,18.87
Genuine,103_2.tif,103_7.tif,6,85,14.12
Genuine,103_2.tif,103_8.tif,10,101,19.8
Genuine,103_3.tif,103_4.tif,5,78,12.82
Genuine,103_3.tif,103_5.tif,6,82,14.63
Genuine,103_3.tif,103_6.tif,7,96,14.58
Genuine,103_3.tif,103_7.tif,5,75,13.33
Genuine,103_3.tif,103_8.tif,6,91,13.19
Genuine,103_4.tif,103_5.tif,7,90,15.56
Genuine,103_4.tif,103_6.tif,8,104,15.38
Genuine,103_4.tif,103_7.tif,7,83,16.87
Genuine,103_4.tif,103_8.tif,7,99,14.14
Genuine,103_5.tif,103_6.tif,12,108,22.22
Genuine,103_5.tif,103_7.tif,7,87,16.09
Genuine,103_5.tif,103_8.tif,10,103,19.42
Genuine,103_6.tif,103_7.tif,8,101,15.84
Genuine,103_6.tif,103_8.tif,10,117,17.09
Genuine,103_7.tif,103_8.tif,8,96,16.67
Genuine,104_1.tif,104_2.tif,8,80,20.0
Genuine,104_1.tif,104_3.tif,11,88,25.0
Genuine,104_1.tif,104_4.tif,6,80,15.0
Genuine,104_1.tif,104_5.tif,11,104,21.15
Genuine,104_1.tif,104_6.tif,9,102,17.65
Genuine,104_1.tif,104_7.tif,12,102,23.53
Genuine,104_1.tif,104_8.tif,13,80,32.5
Genuine,104_2.tif,104_3.tif,15,86,34.88
Genuine,104_2.tif,104_4.tif,7,78,17.95
Genuine,104_2.tif,104_5.tif,10,102,19.61
Genuine,104_2.tif,104_6.tif,10,100,20.0
Genuine,104_2.tif,104_7.tif,9,100,18.0
Genuine,104_2.tif,104_8.tif,10,78,25.64
Genuine,104_3.tif,104_4.tif,8,86,18.6
Genuine,104_3.tif,104_5.tif,10,110,18.18
Genuine,104_3.tif,104_6.tif,10,108,18.52
Genuine,104_3.tif,104_7.tif,11,108,20.37
Genuine,104_3.tif,104_8.tif,11,86,25.58
Genuine,104_4.tif,104_5.tif,8,102,15.69
Genuine,104_4.tif,104_6.tif,8,100,16.0
Genuine,104_4.tif,104_7.tif,8,100,16.0
Genuine,104_4.tif,104_8.tif,6,78,15.38
Genuine,104_5.tif,104_6.tif,11,124,17.74
Genuine,104_5.tif,104_7.tif,11,124,17.74
Genuine,104_5.tif,104_8.tif,8,102,15.69
Genuine,104_6.tif,104_7.tif,10,122,16.39
Genuine,104_6.tif,104_8.tif,9,100,18.0
Genuine,104_7.tif,104_8.tif,11,100,22.0
Genuine,105_1.tif,105_2.tif,15,133,22.56
Genuine,105_1.tif,105_3.tif,14,125,22.4
Genuine,105_1.tif,105_4.tif,11,106,20.75
Genuine,105_1.tif,105_5.tif,8,107,14.95
Genuine,105_1.tif,105_6.tif,12,105,22.86
Genuine,105_1.tif,105_7.tif,9,113,15.93
Genuine,105_1.tif,105_8.tif,10,115,17.39
Genuine,105_2.tif,105_3.tif,17,144,23.61
Genuine,105_2.tif,105_4.tif,11,125,17.6
Genuine,105_2.tif,105_5.tif,11,126,17.46
Genuine,105_2.tif,105_6.tif,12,124,19.35
Genuine,105_2.tif,105_7.tif,14,132,21.21
Genuine,105_2.tif,105_8.tif,13,134,19.4
Genuine,105_3.tif,105_4.tif,8,117,13.68
Genuine,105_3.tif,105_5.tif,10,118,16.95
Genuine,105_3.tif,105_6.tif,10,116,17.24
Genuine,105_3.tif,105_7.tif,12,124,19.35
Genuine,105_3.tif,105_8.tif,11,126,17.46
Genuine,105_4.tif,105_5.tif,11,99,22.22
Genuine,105_4.tif,105_6.tif,14,97,28.87
Genuine,105_4.tif,105_7.tif,10,105,19.05
Genuine,105_4.tif,105_8.tif,9,107,16.82
Genuine,105_5.tif,105_6.tif,15,98,30.61
Genuine,105_5.tif,105_7.tif,9,106,16.98
Genuine,105_5.tif,105_8.tif,10,108,18.52
Genuine,105_6.tif,105_7.tif,10,104,19.23
Genuine,105_6.tif,105_8.tif,11,106,20.75
Genuine,105_7.tif,105_8.tif,15,114,26.32
Genuine,106_1.tif,106_2.tif,14,116,24.14
Genuine,106_1.tif,106_3.tif,14,96,29.17
Genuine,106_1.tif,106_4.tif,16,106,30.19
Genuine,106_1.tif,106_5.tif,6,75,16.0
Genuine,106_1.tif,106_6.tif,10,104,19.23
Genuine,106_1.tif,106_7.tif,7,85,16.47
Genuine,106_1.tif,106_8.tif,8,92,17.39
Genuine,106_2.tif,106_3.tif,9,108,16.67
Genuine,106_2.tif,106_4.tif,12,118,20.34
Genuine,106_2.tif,106_5.tif,8,87,18.39
Genuine,106_2.tif,106_6.tif,13,116,22.41
Genuine,106_2.tif,106_7.tif,8,97,16.49
Genuine,106_2.tif,106_8.tif,9,104,17.31
Genuine,106_3.tif,106_4.tif,12,98,24.49
Genuine,106_3.tif,106_5.tif,6,67,17.91
Genuine,106_3.tif,106_6.tif,9,96,18.75
Genuine,106_3.tif,106_7.tif,8,77,20.78
Genuine,106_3.tif,106_8.tif,9,84,21.43
Genuine,106_4.tif,106_5.tif,7,77,18.18
Genuine,106_4.tif,106_6.tif,8,106,15.09
Genuine,106_4.tif,106_7.tif,7,87,16.09
Genuine,106_4.tif,106_8.tif,9,94,19.15
Genuine,106_5.tif,106_6.tif,7,75,18.67
Genuine,106_5.tif,106_7.tif,6,56,21.43
Genuine,106_5.tif,106_8.tif,7,63,22.22
Genuine,106_6.tif,106_7.tif,9,85,21.18
Genuine,106_6.tif,106_8.tif,7,92,15.22
Genuine,106_7.tif,106_8.tif,8,73,21.92
Genuine,107_1.tif,107_2.tif,4,53,15.09
Genuine,107_1.tif,107_3.tif,6,61,19.67
Genuine,107_1.tif,107_4.tif,6,78,15.38
Genuine,107_1.tif,107_5.tif,7,80,17.5
Genuine,107_1.tif,107_6.tif,4,68,11.76
Genuine,107_1.tif,107_7.tif,5,41,24.39
Genuine,107_1.tif,107_8.tif,3,50,12.0
Genuine,107_2.tif,107_3.tif,6,64,18.75
Genuine,107_2.tif,107_4.tif,7,81,17.28
Genuine,107_2.tif,107_5.tif,6,83,14.46
Genuine,107_2.tif,107_6.tif,9,71,25.35
Genuine,107_2.tif,107_7.tif,4,44,18.18
Genuine,107_2.tif,107_8.tif,4,53,15.09
Genuine,107_3.tif,107_4.tif,6,89,13.48
Genuine,107_3.tif,107_5.tif,11,91,24.18
Genuine,107_3.tif,107_6.tif,7,79,17.72
Genuine,107_3.tif,107_7.tif,4,52,15.38
Genuine,107_3.tif,107_8.tif,5,61,16.39
Genuine,107_4.tif,107_5.tif,10,108,18.52
Genuine,107_4.tif,107_6.tif,10,96,20.83
Genuine,107_4.tif,107_7.tif,6,69,17.39
Genuine,107_4.tif,107_8.tif,8,78,20.51
Genuine,107_5.tif,107_6.tif,11,98,22.45
Genuine,107_5.tif,107_7.tif,5,71,14.08
Genuine,107_5.tif,107_8.tif,7,80,17.5
Genuine,107_6.tif,107_7.tif,4,59,13.56
Genuine,107_6.tif,107_8.tif,5,68,14.71
Genuine,107_7.tif,107_8.tif,4,41,19.51
Genuine,108_1.tif,108_2.tif,7,80,17.5
Genuine,108_1.tif,108_3.tif,8,80,20.0
Genuine,108_1.tif,108_4.tif,9,82,21.95
Genuine,108_1.tif,108_5.tif,8,88,18.18
Genuine,108_1.tif,108_6.tif,8,94,17.02
Genuine,108_1.tif,108_7.tif,8,104,15.38
Genuine,108_1.tif,108_8.tif,8,82,19.51
Genuine,108_2.tif,108_3.tif,11,86,25.58
Genuine,108_2.tif,108_4.tif,7,88,15.91
Genuine,108_2.tif,108_5.tif,8,94,17.02
Genuine,108_2.tif,108_6.tif,9,100,18.0
Genuine,108_2.tif,108_7.tif,10,110,18.18
Genuine,108_2.tif,108_8.tif,10,88,22.73
Genuine,108_3.tif,108_4.tif,7,88,15.91
Genuine,108_3.tif,108_5.tif,7,94,14.89
Genuine,108_3.tif,108_6.tif,11,100,22.0
Genuine,108_3.tif,108_7.tif,12,110,21.82
Genuine,108_3.tif,108_8.tif,8,88,18.18
Genuine,108_4.tif,108_5.tif,9,96,18.75
Genuine,108_4.tif,108_6.tif,8,102,15.69
Genuine,108_4.tif,108_7.tif,11,112,19.64
Genuine,108_4.tif,108_8.tif,8,90,17.78
Genuine,108_5.tif,108_6.tif,13,108,24.07
Genuine,108_5.tif,108_7.tif,11,118,18.64
Genuine,108_5.tif,108_8.tif,7,96,14.58
Genuine,108_6.tif,108_7.tif,13,124,20.97
Genuine,108_6.tif,108_8.tif,10,102,19.61
Genuine,108_7.tif,108_8.tif,10,112,17.86
Genuine,109_1.tif,109_2.tif,7,91,15.38
Genuine,109_1.tif,109_3.tif,10,95,21.05
Genuine,109_1.tif,109_4.tif,5,83,12.05
Genuine,109_1.tif,109_5.tif,9,107,16.82
Genuine,109_1.tif,109_6.tif,12,126,19.05
Genuine,109_1.tif,109_7.tif,7,91,15.38
Genuine,109_1.tif,109_8.tif,8,92,17.39
Genuine,109_2.tif,109_3.tif,6,76,15.79
Genuine,109_2.tif,109_4.tif,4,64,12.5
Genuine,109_2.tif,109_5.tif,7,88,15.91
Genuine,109_2.tif,109_6.tif,10,107,18.69
Genuine,109_2.tif,109_7.tif,5,72,13.89
Genuine,109_2.tif,109_8.tif,6,73,16.44
Genuine,109_3.tif,109_4.tif,6,68,17.65
Genuine,109_3.tif,109_5.tif,8,92,17.39
Genuine,109_3.tif,109_6.tif,9,111,16.22
Genuine,109_3.tif,109_7.tif,5,76,13.16
Genuine,109_3.tif,109_8.tif,8,77,20.78
Genuine,109_4.tif,109_5.tif,5,80,12.5
Genuine,109_4.tif,109_6.tif,8,99,16.16
Genuine,109_4.tif,109_7.tif,5,64,15.62
Genuine,109_4.tif,109_8.tif,4,65,12.31
Genuine,109_5.tif,109_6.tif,11,123,17.89
Genuine,109_5.tif,109_7.tif,8,88,18.18
Genuine,109_5.tif,109_8.tif,8,89,17.98
Genuine,109_6.tif,109_7.tif,7,107,13.08
Genuine,109_6.tif,109_8.tif,7,108,12.96
Genuine,109_7.tif,109_8.tif,5,73,13.7
Genuine,110_1.tif,110_2.tif,13,137,18.98
Genuine,110_1.tif,110_3.tif,12,142,16.9
Genuine,110_1.tif,110_4.tif,11,141,15.6
Genuine,110_1.tif,110_5.tif,12,134,17.91
Genuine,110_1.tif,110_6.tif,9,113,15.93
Genuine,110_1.tif,110_7.tif,3,76,7.89
Genuine,110_1.tif,110_8.tif,8,99,16.16
Genuine,110_2.tif,110_3.tif,19,155,24.52
Genuine,110_2.tif,110_4.tif,13,154,16.88
Genuine,110_2.tif,110_5.tif,15,147,20.41
Genuine,110_2.tif,110_6.tif,13,126,20.63
Genuine,110_2.tif,110_7.tif,5,89,11.24
Genuine,110_2.tif,110_8.tif,11,112,19.64
Genuine,110_3.tif,110_4.tif,13,159,16.35
Genuine,110_3.tif,110_5.tif,14,152,18.42
Genuine,110_3.tif,110_6.tif,13,131,19.85
Genuine,110_3.tif,110_7.tif,4,94,8.51
Genuine,110_3.tif,110_8.tif,9,117,15.38
Genuine,110_4.tif,110_5.tif,15,151,19.87
Genuine,110_4.tif,110_6.tif,9,130,13.85
Genuine,110_4.tif,110_7.tif,4,93,8.6
Genuine,110_4.tif,110_8.tif,10,116,17.24
Genuine,110_5.tif,110_6.tif,11,123,17.89
Genuine,110_5.tif,110_7.tif,4,86,9.3
Genuine,110_5.tif,110_8.tif,8,109,14.68
Genuine,110_6.tif,110_7.tif,6,65,18.46
Genuine,110_6.tif,110_8.tif,9,88,20.45
Genuine,110_7.tif,110_8.tif,4,51,15.69
Genuine,101_1.tif,101_2.tif,12,134,17.91
Genuine,101_1.tif,101_3.tif,13,139,18.71
Genuine,101_1.tif,101_4.tif,15,145,20.69
Genuine,101_1.tif,101_5.tif,15,150,20.0
Genuine,101_1.tif,101_6.tif,16,155,20.65
Genuine,101_1.tif,101_7.tif,12,125,19.2
Genuine,101_1.tif,101_8.tif,8,117,13.68
Genuine,101_2.tif,101_3.tif,15,139,21.58
Genuine,101_2.tif,101_4.tif,13,145,17.93
Genuine,101_2.tif,101_5.tif,16,150,21.33
Genuine,101_2.tif,101_6.tif,18,155,23.23
Genuine,101_2.tif,101_7.tif,14,125,22.4
Genuine,101_2.tif,101_8.tif,12,117,20.51
Genuine,101_3.tif,101_4.tif,15,150,20.0
Genuine,101_3.tif,101_5.tif,15,155,19.35
Genuine,101_3.tif,101_6.tif,18,160,22.5
Genuine,101_3.tif,101_7.tif,13,130,20.0
Genuine,101_3.tif,101_8.tif,11,122,18.03
Genuine,101_4.tif,101_5.tif,19,161,23.6
Genuine,101_4.tif,101_6.tif,18,166,21.69
Genuine,101_4.tif,101_7.tif,11,136,16.18
Genuine,101_4.tif,101_8.tif,11,128,17.19
Genuine,101_5.tif,101_6.tif,20,171,23.39
Genuine,101_5.tif,101_7.tif,15,141,21.28
Genuine,101_5.tif,101_8.tif,14,133,21.05
Genuine,101_6.tif,101_7.tif,15,146,20.55
Genuine,101_6.tif,101_8.tif,14,138,20.29
Genuine,101_7.tif,101_8.tif,9,108,16.67
Genuine,102_1.tif,102_2.tif,8,98,16.33
Genuine,102_1.tif,102_3.tif,18,117,30.77
Genuine,102_1.tif,102_4.tif,14,130,21.54
Genuine,102_1.tif,102_5.tif,13,117,22.22
Genuine,102_1.tif,102_6.tif,14,143,19.58
Genuine,102_1.tif,102_7.tif,10,109,18.35
Genuine,102_1.tif,102_8.tif,11,123,17.89
Genuine,102_2.tif,102_3.tif,7,97,14.43
Genuine,102_2.tif,102_4.tif,9,110,16.36
Genuine,102_2.tif,102_5.tif,8,97,16.49
Genuine,102_2.tif,102_6.tif,9,123,14.63
Genuine,102_2.tif,102_7.tif,7,89,15.73
Genuine,102_2.tif,102_8.tif,9,103,17.48
Genuine,102_3.tif,102_4.tif,13,129,20.16
Genuine,102_3.tif,102_5.tif,12,116,20.69
Genuine,102_3.tif,102_6.tif,13,142,18.31
Genuine,102_3.tif,102_7.tif,13,108,24.07
Genuine,102_3.tif,102_8.tif,13,122,21.31
Genuine,102_4.tif,102_5.tif,13,129,20.16
Genuine,102_4.tif,102_6.tif,17,155,21.94
Genuine,102_4.tif,102_7.tif,14,121,23.14
Genuine,102_4.tif,102_8.tif,12,135,17.78
Genuine,102_5.tif,102_6.tif,13,142,18.31
Genuine,102_5.tif,102_7.tif,9,108,16.67
Genuine,102_5.tif,102_8.tif,11,122,18.03
Genuine,102_6.tif,102_7.tif,11,134,16.42
Genuine,102_6.tif,102_8.tif,17,148,22.97
Genuine,102_7.tif,102_8.tif,9,114,15.79
Genuine,103_1.tif,103_2.tif,7,90,15.56
Genuine,103_1.tif,103_3.tif,9,98,18.37
Genuine,103_1.tif,103_4.tif,8,99,16.16
Genuine,103_1.tif,103_5.tif,8,105,15.24
Genuine,103_1.tif,103_6.tif,10,101,19.8
Genuine,103_1.tif,103_7.tif,10,107,18.69
Genuine,103_1.tif,103_8.tif,8,99,16.16
Genuine,103_2.tif,103_3.tif,9,96,18.75
Genuine,103_2.tif,103_4.tif,10,97,20.62
Genuine,103_2.tif,103_5.tif,10,103,19.42
Genuine,103_2.tif,103_6.tif,8,99,16.16
Genuine,103_2.tif,103_7.tif,10,105,19.05
Genuine,103_2.tif,103_8.tif,10,97,20.62
Genuine,103_3.tif,103_4.tif,9,105,17.14
Genuine,103_3.tif,103_5.tif,12,111,21.62
Genuine,103_3.tif,103_6.tif,13,107,24.3
Genuine,103_3.tif,103_7.tif,12,113,21.24
Genuine,103_3.tif,103_8.tif,9,105,17.14
Genuine,103_4.tif,103_5.tif,10,112,17.86
Genuine,103_4.tif,103_6.tif,11,108,20.37
Genuine,103_4.tif,103_7.tif,11,114,19.3
Genuine,103_4.tif,103_8.tif,10,106,18.87
Genuine,103_5.tif,103_6.tif,12,114,21.05
Genuine,103_5.tif,103_7.tif,11,120,18.33
Genuine,103_5.tif,103_8.tif,10,112,17.86
Genuine,103_6.tif,103_7.tif,10,116,17.24
Genuine,103_6.tif,103_8.tif,9,108,16.67
Genuine,103_7.tif,103_8.tif,13,114,22.81
Genuine,104_1.tif,104_2.tif,15,132,22.73
Genuine,104_1.tif,104_3.tif,17,141,24.11
Genuine,104_1.tif,104_4.tif,13,120,21.67
Genuine,104_1.tif,104_5.tif,16,138,23.19
Genuine,104_1.tif,104_6.tif,17,140,24.29
Genuine,104_1.tif,104_7.tif,18,131,27.48
Genuine,104_1.tif,104_8.tif,15,128,23.44
Genuine,104_2.tif,104_3.tif,17,133,25.56
Genuine,104_2.tif,104_4.tif,12,112,21.43
Genuine,104_2.tif,104_5.tif,15,130,23.08
Genuine,104_2.tif,104_6.tif,15,132,22.73
Genuine,104_2.tif,104_7.tif,12,123,19.51
Genuine,104_2.tif,104_8.tif,14,120,23.33
Genuine,104_3.tif,104_4.tif,14,121,23.14
Genuine,104_3.tif,104_5.tif,11,139,15.83
Genuine,104_3.tif,104_6.tif,15,141,21.28
Genuine,104_3.tif,104_7.tif,13,132,19.7
Genuine,104_3.tif,104_8.tif,14,129,21.71
Genuine,104_4.tif,104_5.tif,10,118,16.95
Genuine,104_4.tif,104_6.tif,12,120,20.0
Genuine,104_4.tif,104_7.tif,10,111,18.02
Genuine,104_4.tif,104_8.tif,10,108,18.52
Genuine,104_5.tif,104_6.tif,14,138,20.29
Genuine,104_5.tif,104_7.tif,13,129,20.16
Genuine,104_5.tif,104_8.tif,16,126,25.4
Genuine,104_6.tif,104_7.tif,16,131,24.43
Genuine,104_6.tif,104_8.tif,13,128,20.31
Genuine,104_7.tif,104_8.tif,12,119,20.17
Genuine,105_1.tif,105_2.tif,4,60,13.33
Genuine,105_1.tif,105_3.tif,5,49,20.41
Genuine,105_1.tif,105_4.tif,4,72,11.11
Genuine,105_1.tif,105_5.tif,5,49,20.41
Genuine,105_1.tif,105_6.tif,5,65,15.38
Genuine,105_1.tif,105_7.tif,4,50,16.0
Genuine,105_1.tif,105_8.tif,6,45,26.67
Genuine,105_2.tif,105_3.tif,6,71,16.9
Genuine,105_2.tif,105_4.tif,9,94,19.15
Genuine,105_2.tif,105_5.tif,7,71,19.72
Genuine,105_2.tif,105_6.tif,7,87,16.09
Genuine,105_2.tif,105_7.tif,7,72,19.44
Genuine,105_2.tif,105_8.tif,7,67,20.9
Genuine,105_3.tif,105_4.tif,7,83,16.87
Genuine,105_3.tif,105_5.tif,6,60,20.0
Genuine,105_3.tif,105_6.tif,6,76,15.79
Genuine,105_3.tif,105_7.tif,6,61,19.67
Genuine,105_3.tif,105_8.tif,5,56,17.86
Genuine,105_4.tif,105_5.tif,6,83,14.46
Genuine,105_4.tif,105_6.tif,8,99,16.16
Genuine,105_4.tif,105_7.tif,7,84,16.67
Genuine,105_4.tif,105_8.tif,5,79,12.66
Genuine,105_5.tif,105_6.tif,6,76,15.79
Genuine,105_5.tif,105_7.tif,6,61,19.67
Genuine,105_5.tif,105_8.tif,7,56,25.0
Genuine,105_6.tif,105_7.tif,9,77,23.38
Genuine,105_6.tif,105_8.tif,8,72,22.22
Genuine,105_7.tif,105_8.tif,5,57,17.54
Genuine,106_1.tif,106_2.tif,7,84,16.67
Genuine,106_1.tif,106_3.tif,7,91,15.38
Genuine,106_1.tif,106_4.tif,6,80,15.0
Genuine,106_1.tif,106_5.tif,7,79,17.72
Genuine,106_1.tif,106_6.tif,5,60,16.67
Genuine,106_1.tif,106_7.tif,7,82,17.07
Genuine,106_1.tif,106_8.tif,7,68,20.59
Genuine,106_2.tif,106_3.tif,11,107,20.56
Genuine,106_2.tif,106_4.tif,7,96,14.58
Genuine,106_2.tif,106_5.tif,8,95,16.84
Genuine,106_2.tif,106_6.tif,5,76,13.16
Genuine,106_2.tif,106_7.tif,7,98,14.29
Genuine,106_2.tif,106_8.tif,9,84,21.43
Genuine,106_3.tif,106_4.tif,9,103,17.48
Genuine,106_3.tif,106_5.tif,9,102,17.65
Genuine,106_3.tif,106_6.tif,8,83,19.28
Genuine,106_3.tif,106_7.tif,9,105,17.14
Genuine,106_3.tif,106_8.tif,8,91,17.58
Genuine,106_4.tif,106_5.tif,7,91,15.38
Genuine,106_4.tif,106_6.tif,6,72,16.67
Genuine,106_4.tif,106_7.tif,8,94,17.02
Genuine,106_4.tif,106_8.tif,7,80,17.5
Genuine,106_5.tif,106_6.tif,7,71,19.72
Genuine,106_5.tif,106_7.tif,7,93,15.05
Genuine,106_5.tif,106_8.tif,6,79,15.19
Genuine,106_6.tif,106_7.tif,6,74,16.22
Genuine,106_6.tif,106_8.tif,5,60,16.67
Genuine,106_7.tif,106_8.tif,7,82,17.07
Genuine,107_1.tif,107_2.tif,6,73,16.44
Genuine,107_1.tif,107_3.tif,4,56,14.29
Genuine,107_1.tif,107_4.tif,6,73,16.44
Genuine,107_1.tif,107_5.tif,9,77,23.38
Genuine,107_1.tif,107_6.tif,4,62,12.9
Genuine,107_1.tif,107_7.tif,5,57,17.54
Genuine,107_1.tif,107_8.tif,7,82,17.07
Genuine,107_2.tif,107_3.tif,5,69,14.49
Genuine,107_2.tif,107_4.tif,7,86,16.28
Genuine,107_2.tif,107_5.tif,9,90,20.0
Genuine,107_2.tif,107_6.tif,7,75,18.67
Genuine,107_2.tif,107_7.tif,6,70,17.14
Genuine,107_2.tif,107_8.tif,9,95,18.95
Genuine,107_3.tif,107_4.tif,7,69,20.29
Genuine,107_3.tif,107_5.tif,4,73,10.96
Genuine,107_3.tif,107_6.tif,5,58,17.24
Genuine,107_3.tif,107_7.tif,5,53,18.87
Genuine,107_3.tif,107_8.tif,7,78,17.95
Genuine,107_4.tif,107_5.tif,8,90,17.78
Genuine,107_4.tif,107_6.tif,7,75,18.67
Genuine,107_4.tif,107_7.tif,5,70,14.29
Genuine,107_4.tif,107_8.tif,8,95,16.84
Genuine,107_5.tif,107_6.tif,8,79,20.25
Genuine,107_5.tif,107_7.tif,7,74,18.92
Genuine,107_5.tif,107_8.tif,9,99,18.18
Genuine,107_6.tif,107_7.tif,5,59,16.95
Genuine,107_6.tif,107_8.tif,7,84,16.67
Genuine,107_7.tif,107_8.tif,5,79,12.66
Genuine,108_1.tif,108_2.tif,7,71,19.72
Genuine,108_1.tif,108_3.tif,7,76,18.42
Genuine,108_1.tif,108_4.tif,7,69,20.29
Genuine,108_1.tif,108_5.tif,6,83,14.46
Genuine,108_1.tif,108_6.tif,6,69,17.39
Genuine,108_1.tif,108_7.tif,6,74,16.22
Genuine,108_1.tif,108_8.tif,5,68,14.71
Genuine,108_2.tif,108_3.tif,7,85,16.47
Genuine,108_2.tif,108_4.tif,5,78,12.82
Genuine,108_2.tif,108_5.tif,9,92,19.57
Genuine,108_2.tif,108_6.tif,7,78,17.95
Genuine,108_2.tif,108_7.tif,7,83,16.87
Genuine,108_2.tif,108_8.tif,7,77,18.18
Genuine,108_3.tif,108_4.tif,9,83,21.69
Genuine,108_3.tif,108_5.tif,8,97,16.49
Genuine,108_3.tif,108_6.tif,7,83,16.87
Genuine,108_3.tif,108_7.tif,8,88,18.18
Genuine,108_3.tif,108_8.tif,8,82,19.51
Genuine,108_4.tif,108_5.tif,7,90,15.56
Genuine,108_4.tif,108_6.tif,7,76,18.42
Genuine,108_4.tif,108_7.tif,7,81,17.28
Genuine,108_4.tif,108_8.tif,7,75,18.67
Genuine,108_5.tif,108_6.tif,8,90,17.78
Genuine,108_5.tif,108_7.tif,8,95,16.84
Genuine,108_5.tif,108_8.tif,9,89,20.22
Genuine,108_6.tif,108_7.tif,8,81,19.75
Genuine,108_6.tif,108_8.tif,6,75,16.0
Genuine,108_7.tif,108_8.tif,9,80,22.5
Genuine,109_1.tif,109_2.tif,17,164,20.73
Genuine,109_1.tif,109_3.tif,22,180,24.44
Genuine,109_1.tif,109_4.tif,15,149,20.13
Genuine,109_1.tif,109_5.tif,20,155,25.81
Genuine,109_1.tif,109_6.tif,20,152,26.32
Genuine,109_1.tif,109_7.tif,16,158,20.25
Genuine,109_1.tif,109_8.tif,14,134,20.9
Genuine,109_2.tif,109_3.tif,16,166,19.28
Genuine,109_2.tif,109_4.tif,14,135,20.74
Genuine,109_2.tif,109_5.tif,14,141,19.86
Genuine,109_2.tif,109_6.tif,18,138,26.09
Genuine,109_2.tif,109_7.tif,15,144,20.83
Genuine,109_2.tif,109_8.tif,14,120,23.33
Genuine,109_3.tif,109_4.tif,17,151,22.52
Genuine,109_3.tif,109_5.tif,18,157,22.93
Genuine,109_3.tif,109_6.tif,19,154,24.68
Genuine,109_3.tif,109_7.tif,18,160,22.5
Genuine,109_3.tif,109_8.tif,14,136,20.59
Genuine,109_4.tif,109_5.tif,15,126,23.81
Genuine,109_4.tif,109_6.tif,17,123,27.64
Genuine,109_4.tif,109_7.tif,13,129,20.16
Genuine,109_4.tif,109_8.tif,13,105,24.76
Genuine,109_5.tif,109_6.tif,14,129,21.71
Genuine,109_5.tif,109_7.tif,14,135,20.74
Genuine,109_5.tif,109_8.tif,14,111,25.23
Genuine,109_6.tif,109_7.tif,15,132,22.73
Genuine,109_6.tif,109_8.tif,16,108,29.63
Genuine,109_7.tif,109_8.tif,12,114,21.05
Genuine,110_1.tif,110_2.tif,16,145,22.07
Genuine,110_1.tif,110_3.tif,18,165,21.82
Genuine,110_1.tif,110_4.tif,20,169,23.67
Genuine,110_1.tif,110_5.tif,15,145,20.69
Genuine,110_1.tif,110_6.tif,25,203,24.63
Genuine,110_1.tif,110_7.tif,17,163,20.86
Genuine,110_1.tif,110_8.tif,19,158,24.05
Genuine,110_2.tif,110_3.tif,16,150,21.33
Genuine,110_2.tif,110_4.tif,14,154,18.18
Genuine,110_2.tif,110_5.tif,11,130,16.92
Genuine,110_2.tif,110_6.tif,19,188,20.21
Genuine,110_2.tif,110_7.tif,13,148,17.57
Genuine,110_2.tif,110_8.tif,12,143,16.78
Genuine,110_3.tif,110_4.tif,18,174,20.69
Genuine,110_3.tif,110_5.tif,15,150,20.0
Genuine,110_3.tif,110_6.tif,26,208,25.0
Genuine,110_3.tif,110_7.tif,16,168,19.05
Genuine,110_3.tif,110_8.tif,18,163,22.09
Genuine,110_4.tif,110_5.tif,18,154,23.38
Genuine,110_4.tif,110_6.tif,26,212,24.53
Genuine,110_4.tif,110_7.tif,16,172,18.6
Genuine,110_4.tif,110_8.tif,16,167,19.16
Genuine,110_5.tif,110_6.tif,22,188,23.4
Genuine,110_5.tif,110_7.tif,15,148,20.27
Genuine,110_5.tif,110_8.tif,13,143,18.18
Genuine,110_6.tif,110_7.tif,21,206,20.39
Genuine,110_6.tif,110_8.tif,22,201,21.89
Genuine,110_7.tif,110_8.tif,17,161,21.12
Impostor,104_5.tif,109_5.tif,13,139,18.71
Impostor,110_6.tif,105_4.tif,10,129,15.5
Impostor,101_6.tif,108_5.tif,10,140,14.29
Impostor,110_7.tif,109_8.tif,13,128,20.31
Impostor,110_4.tif,103_3.tif,9,124,14.52
Impostor,104_1.tif,110_5.tif,13,143,18.18
Impostor,107_1.tif,101_4.tif,8,100,16.0
Impostor,108_5.tif,101_3.tif,7,114,12.28
Impostor,106_6.tif,109_6.tif,13,149,17.45
Impostor,108_3.tif,104_8.tif,9,108,16.67
Impostor,103_4.tif,108_7.tif,11,120,18.33
Impostor,107_4.tif,105_2.tif,9,102,17.65
Impostor,103_2.tif,109_7.tif,17,205,16.59
Impostor,101_3.tif,104_3.tif,7,91,15.38
Impostor,109_4.tif,101_7.tif,13,153,16.99
Impostor,109_7.tif,106_2.tif,17,200,17.0
Impostor,102_7.tif,110_7.tif,11,129,17.05
Impostor,101_4.tif,109_5.tif,5,113,8.85
Impostor,105_1.tif,104_4.tif,10,97,20.62
Impostor,107_7.tif,103_1.tif,7,104,13.46
Impostor,110_2.tif,105_4.tif,9,117,15.38
Impostor,102_3.tif,106_3.tif,12,148,16.22
Impostor,109_2.tif,108_8.tif,9,123,14.63
Impostor,105_7.tif,107_2.tif,7,94,14.89
Impostor,101_6.tif,108_8.tif,5,89,11.24
Impostor,106_5.tif,101_5.tif,6,88,13.64
Impostor,106_6.tif,103_3.tif,15,167,17.96
Impostor,103_3.tif,109_3.tif,9,126,14.29
Impostor,109_2.tif,107_4.tif,14,140,20.0
Impostor,105_2.tif,103_1.tif,17,172,19.77
Impostor,102_1.tif,101_3.tif,10,138,14.49
Impostor,105_2.tif,109_4.tif,10,117,17.09
Impostor,108_7.tif,105_3.tif,13,139,18.71
Impostor,106_3.tif,102_8.tif,19,194,19.59
Impostor,104_6.tif,107_2.tif,9,129,13.95
Impostor,106_6.tif,106_4.tif,15,177,16.95
Impostor,101_3.tif,101_1.tif,9,130,13.85
Impostor,103_7.tif,105_4.tif,8,117,13.68
Impostor,103_7.tif,105_7.tif,7,71,19.72
Impostor,107_2.tif,103_5.tif,13,169,15.38
Impostor,104_4.tif,106_5.tif,7,97,14.43
Impostor,102_3.tif,108_7.tif,8,114,14.04
Impostor,110_1.tif,109_6.tif,16,165,19.39
Impostor,110_1.tif,102_8.tif,10,140,14.29
Impostor,106_7.tif,107_7.tif,9,133,13.53
Impostor,107_4.tif,102_7.tif,7,96,14.58
Impostor,110_2.tif,109_3.tif,11,131,16.79
Impostor,101_2.tif,105_2.tif,8,107,14.95
Impostor,101_1.tif,109_5.tif,8,108,14.81
Impostor,104_4.tif,101_6.tif,6,94,12.77
Impostor,105_4.tif,101_2.tif,7,97,14.43
Impostor,107_5.tif,108_6.tif,12,157,15.29
Impostor,104_8.tif,105_1.tif,5,86,11.63
Impostor,110_3.tif,105_7.tif,16,173,18.5
Impostor,107_3.tif,108_2.tif,8,110,14.55
Impostor,101_5.tif,105_4.tif,10,121,16.53
Impostor,105_7.tif,106_2.tif,11,128,17.19
Impostor,108_8.tif,109_8.tif,11,138,15.94
Impostor,102_1.tif,108_1.tif,8,92,17.39
Impostor,108_1.tif,106_6.tif,22,206,21.36
Impostor,102_8.tif,103_5.tif,10,159,12.58
Impostor,105_3.tif,110_7.tif,10,127,15.75
Impostor,104_7.tif,101_3.tif,14,156,17.95
Impostor,110_7.tif,105_4.tif,16,140,22.86
Impostor,110_6.tif,105_8.tif,5,80,12.5
Impostor,107_8.tif,110_8.tif,8,104,15.38
Impostor,103_1.tif,103_1.tif,10,138,14.49
Impostor,106_5.tif,104_2.tif,8,107,14.95
Impostor,104_4.tif,104_3.tif,8,97,16.49
Impostor,102_2.tif,103_3.tif,16,176,18.18
Impostor,105_2.tif,101_8.tif,5,79,12.66
Impostor,103_8.tif,102_4.tif,10,118,16.95
Impostor,102_5.tif,107_5.tif,9,121,14.88
Impostor,106_8.tif,101_6.tif,12,149,16.11
Impostor,107_2.tif,106_6.tif,8,110,14.55
Impostor,103_3.tif,102_6.tif,8,121,13.22
Impostor,104_7.tif,110_8.tif,6,80,15.0
Impostor,110_2.tif,110_6.tif,15,155,19.35
Impostor,104_1.tif,110_8.tif,11,148,14.86
Impostor,110_6.tif,109_1.tif,27,212,25.47
Impostor,109_1.tif,110_8.tif,9,107,16.82
Impostor,102_8.tif,107_6.tif,10,103,19.42
Impostor,107_2.tif,103_5.tif,6,107,11.21
Impostor,108_6.tif,101_5.tif,10,122,16.39
Impostor,107_1.tif,105_2.tif,7,71,19.72
Impostor,101_1.tif,109_3.tif,9,142,12.68
Impostor,107_6.tif,108_4.tif,15,158,18.99
Impostor,105_1.tif,108_8.tif,8,109,14.68
Impostor,109_1.tif,102_4.tif,9,109,16.51
Impostor,105_1.tif,104_7.tif,12,108,22.22
Impostor,103_8.tif,104_8.tif,8,95,16.84
Impostor,108_8.tif,102_6.tif,8,110,14.55
Impostor,107_8.tif,106_7.tif,5,58,17.24
Impostor,106_5.tif,104_3.tif,7,94,14.89
Impostor,110_1.tif,104_3.tif,9,112,16.07
Impostor,101_1.tif,101_6.tif,7,102,13.73
Impostor,101_8.tif,105_8.tif,13,135,19.26
Impostor,107_6.tif,102_1.tif,12,99,24.24
Impostor,107_1.tif,101_4.tif,6,108,11.11
Impostor,101_3.tif,107_6.tif,9,108,16.67
Impostor,103_2.tif,109_3.tif,10,130,15.38
Impostor,109_2.tif,107_7.tif,10,127,15.75
Impostor,101_1.tif,104_3.tif,14,167,16.77
Impostor,101_4.tif,108_2.tif,13,170,15.29
Impostor,101_5.tif,103_3.tif,7,93,15.05
Impostor,107_3.tif,107_2.tif,4,82,9.76
Impostor,106_8.tif,110_6.tif,8,120,13.33
Impostor,108_1.tif,109_3.tif,7,94,14.89
Impostor,102_3.tif,104_2.tif,11,117,18.8
Impostor,106_5.tif,101_6.tif,10,135,14.81
Impostor,101_8.tif,107_4.tif,7,100,14.0
Impostor,110_4.tif,105_3.tif,9,139,12.95
Impostor,109_7.tif,108_4.tif,13,146,17.81
Impostor,101_3.tif,107_6.tif,10,115,17.39
Impostor,108_6.tif,105_1.tif,7,85,16.47
Impostor,106_6.tif,109_2.tif,12,145,16.55
Impostor,106_6.tif,109_6.tif,8,97,16.49
Impostor,105_3.tif,103_8.tif,7,106,13.21
Impostor,110_7.tif,108_4.tif,8,110,14.55
Impostor,108_6.tif,101_8.tif,9,119,15.13
Impostor,107_2.tif,110_7.tif,9,115,15.65
Impostor,107_5.tif,103_1.tif,9,122,14.75
Impostor,106_6.tif,103_2.tif,11,134,16.42
Impostor,105_7.tif,107_2.tif,6,66,18.18
Impostor,103_7.tif,102_8.tif,14,178,15.73
Impostor,105_4.tif,108_3.tif,11,118,18.64
Impostor,101_4.tif,108_7.tif,16,166,19.28
Impostor,101_5.tif,109_6.tif,15,143,20.98
Impostor,104_4.tif,107_3.tif,8,106,15.09
Impostor,107_3.tif,110_5.tif,8,98,16.33
Impostor,107_1.tif,108_4.tif,12,147,16.33
Impostor,107_6.tif,101_7.tif,7,102,13.73
Impostor,105_4.tif,107_1.tif,9,121,14.88
Impostor,109_7.tif,107_7.tif,4,91,8.79
Impostor,106_5.tif,110_1.tif,4,60,13.33
Impostor,107_3.tif,109_4.tif,6,102,11.76
Impostor,102_4.tif,110_4.tif,21,201,20.9
Impostor,102_6.tif,110_7.tif,12,139,17.27
Impostor,106_4.tif,104_4.tif,8,104,15.38
Impostor,108_2.tif,104_8.tif,9,132,13.64
Impostor,103_4.tif,105_3.tif,11,121,18.18
Impostor,110_6.tif,104_7.tif,12,141,17.02
Impostor,106_2.tif,109_3.tif,22,197,22.34
Impostor,104_6.tif,105_6.tif,11,121,18.18
Impostor,101_3.tif,109_7.tif,16,172,18.6
Impostor,106_4.tif,101_3.tif,9,117,15.38
Impostor,106_1.tif,104_4.tif,8,108,14.81
Impostor,105_1.tif,108_3.tif,13,159,16.35
Impostor,109_3.tif,102_2.tif,16,181,17.68
Impostor,101_2.tif,109_7.tif,9,127,14.17
Impostor,105_8.tif,108_1.tif,6,139,8.63
Impostor,102_8.tif,108_4.tif,11,140,15.71
Impostor,103_7.tif,106_8.tif,15,174,17.24
Impostor,104_5.tif,104_2.tif,13,122,21.31
Impostor,103_1.tif,109_1.tif,18,192,18.75
Impostor,102_1.tif,110_1.tif,9,135,13.33
Impostor,107_7.tif,110_8.tif,9,139,12.95
Impostor,107_2.tif,106_8.tif,9,104,17.31
Impostor,107_8.tif,109_4.tif,11,143,15.38
Impostor,107_8.tif,104_3.tif,10,121,16.53
Impostor,101_1.tif,102_4.tif,13,138,18.84
Impostor,106_2.tif,105_6.tif,8,120,13.33
Impostor,108_3.tif,104_5.tif,9,99,18.18
Impostor,105_4.tif,104_8.tif,11,126,17.46
Impostor,106_6.tif,106_1.tif,6,104,11.54
Impostor,109_8.tif,108_4.tif,14,167,16.77
Impostor,104_1.tif,106_8.tif,12,131,18.32
Impostor,106_2.tif,105_8.tif,10,130,15.38
Impostor,107_5.tif,106_5.tif,7,90,15.56
Impostor,102_1.tif,109_1.tif,11,144,15.28
Impostor,103_5.tif,105_3.tif,12,127,18.9
Impostor,101_8.tif,101_8.tif,8,105,15.24
Impostor,107_5.tif,109_5.tif,11,105,20.95
Impostor,108_4.tif,105_2.tif,15,136,22.06
Impostor,108_1.tif,102_3.tif,11,124,17.74
Impostor,107_8.tif,102_7.tif,10,135,14.81
Impostor,107_5.tif,106_5.tif,6,92,13.04
Impostor,102_5.tif,101_1.tif,12,143,16.78
Impostor,110_7.tif,104_3.tif,9,137,13.14
Impostor,103_2.tif,105_1.tif,7,130,10.77
Impostor,104_8.tif,102_3.tif,10,126,15.87
Impostor,106_4.tif,106_3.tif,13,150,17.33
Impostor,105_7.tif,106_6.tif,9,131,13.74
Impostor,105_7.tif,104_5.tif,13,124,20.97
Impostor,106_2.tif,105_4.tif,13,155,16.77
Impostor,109_3.tif,101_1.tif,11,119,18.49
Impostor,108_1.tif,105_7.tif,8,93,17.2
Impostor,101_1.tif,103_2.tif,9,100,18.0
Impostor,104_1.tif,107_2.tif,6,80,15.0
Impostor,109_6.tif,108_1.tif,10,140,14.29
Impostor,101_1.tif,110_5.tif,16,139,23.02
Impostor,108_7.tif,103_1.tif,15,166,18.07
Impostor,102_4.tif,110_8.tif,7,91,15.38
Impostor,110_8.tif,108_6.tif,9,117,15.38
Impostor,103_3.tif,110_4.tif,17,175,19.43
Impostor,103_8.tif,102_3.tif,20,188,21.28
Impostor,105_5.tif,109_2.tif,6,96,12.5
Impostor,104_1.tif,103_5.tif,10,128,15.62
Impostor,105_1.tif,109_5.tif,12,109,22.02
Impostor,108_3.tif,103_6.tif,8,106,15.09
Impostor,106_3.tif,102_6.tif,9,122,14.75
Impostor,105_8.tif,107_2.tif,6,106,11.32
Impostor,102_8.tif,106_3.tif,6,90,13.33
Impostor,108_5.tif,101_4.tif,10,129,15.5
Impostor,102_5.tif,103_6.tif,11,125,17.6
Impostor,101_5.tif,106_6.tif,6,103,11.65
Impostor,107_2.tif,101_3.tif,9,100,18.0
Impostor,110_3.tif,107_5.tif,8,116,13.79
Impostor,106_2.tif,107_1.tif,6,89,13.48
Impostor,109_5.tif,107_1.tif,8,119,13.45
Impostor,102_5.tif,103_3.tif,10,134,14.93
Impostor,110_5.tif,110_1.tif,7,130,10.77
Impostor,102_3.tif,105_8.tif,10,122,16.39
Impostor,106_1.tif,102_4.tif,17,160,21.25
Impostor,106_7.tif,108_8.tif,13,184,14.13
Impostor,104_5.tif,104_5.tif,9,117,15.38
Impostor,107_7.tif,104_1.tif,9,104,17.31
Impostor,108_7.tif,108_7.tif,8,132,12.12
Impostor,101_6.tif,103_3.tif,9,123,14.63
Impostor,106_8.tif,102_6.tif,15,155,19.35
Impostor,102_5.tif,105_1.tif,9,109,16.51
Impostor,103_6.tif,101_4.tif,9,132,13.64
Impostor,103_4.tif,107_5.tif,11,129,17.05
Impostor,105_2.tif,101_6.tif,15,147,20.41
Impostor,105_6.tif,109_1.tif,11,144,15.28
Impostor,107_5.tif,110_8.tif,13,163,15.95
Impostor,108_6.tif,109_4.tif,14,157,17.83
Impostor,103_1.tif,101_5.tif,18,179,20.11
Impostor,107_2.tif,101_3.tif,10,128,15.62
Impostor,108_3.tif,106_5.tif,8,92,17.39
Impostor,103_1.tif,110_5.tif,10,142,14.08
Impostor,110_7.tif,109_3.tif,10,112,17.86
Impostor,105_4.tif,104_1.tif,7,105,13.33
Impostor,107_1.tif,110_1.tif,6,112,10.71
Impostor,109_8.tif,104_4.tif,7,95,14.74
Impostor,103_3.tif,110_7.tif,10,131,15.27
Impostor,101_3.tif,110_7.tif,13,161,16.15
Impostor,108_6.tif,109_3.tif,12,159,15.09
Impostor,107_2.tif,108_1.tif,11,125,17.6
Impostor,102_3.tif,104_1.tif,11,141,15.6
Impostor,105_4.tif,103_4.tif,11,92,23.91
Impostor,103_2.tif,101_7.tif,13,169,15.38
Impostor,110_6.tif,109_2.tif,8,129,12.4
Impostor,109_1.tif,103_1.tif,15,173,17.34
Impostor,108_1.tif,106_5.tif,6,84,14.29
Impostor,105_5.tif,103_3.tif,14,165,16.97
Impostor,108_7.tif,104_5.tif,14,142,19.72
Impostor,109_4.tif,108_4.tif,13,153,16.99
Impostor,107_4.tif,106_6.tif,5,88,11.36
Impostor,107_3.tif,104_4.tif,12,142,16.9
Impostor,106_4.tif,108_2.tif,17,177,19.21
Impostor,110_5.tif,107_7.tif,12,157,15.29
Impostor,108_7.tif,102_6.tif,15,156,19.23
Impostor,109_7.tif,103_3.tif,8,129,12.4
Impostor,110_5.tif,103_1.tif,7,111,12.61
Impostor,101_8.tif,103_2.tif,6,83,14.46
Impostor,109_4.tif,103_3.tif,15,161,18.63
Impostor,105_8.tif,109_2.tif,13,136,19.12
Impostor,104_2.tif,105_6.tif,12,110,21.82
Impostor,104_4.tif,107_2.tif,6,93,12.9
Impostor,103_5.tif,105_4.tif,7,108,12.96
Impostor,101_6.tif,102_5.tif,13,150,17.33
Impostor,110_1.tif,103_5.tif,21,207,20.29
Impostor,107_4.tif,108_7.tif,12,151,15.89
Impostor,109_3.tif,105_3.tif,10,112,17.86
Impostor,103_5.tif,106_8.tif,9,127,14.17
Impostor,103_2.tif,109_6.tif,14,132,21.21
Impostor,101_7.tif,108_1.tif,7,75,18.67
Impostor,107_2.tif,101_3.tif,9,100,18.0
Impostor,101_4.tif,109_1.tif,19,167,22.75
Impostor,103_8.tif,110_4.tif,16,175,18.29
Impostor,104_4.tif,107_7.tif,9,102,17.65
Impostor,102_3.tif,105_4.tif,10,139,14.39
Impostor,110_5.tif,106_4.tif,15,147,20.41
Impostor,109_8.tif,107_3.tif,12,150,16.0
Impostor,102_4.tif,104_6.tif,10,115,17.39
Impostor,103_1.tif,104_6.tif,12,138,17.39
Impostor,109_5.tif,103_4.tif,8,109,14.68
Impostor,105_7.tif,107_4.tif,7,84,16.67
Impostor,103_2.tif,101_2.tif,16,139,23.02
Impostor,105_5.tif,107_7.tif,6,66,18.18
Impostor,108_8.tif,103_1.tif,10,114,17.54
Impostor,106_2.tif,102_7.tif,9,122,14.75
Impostor,109_5.tif,103_7.tif,10,120,16.67
Impostor,107_8.tif,102_1.tif,15,159,18.87
Impostor,107_8.tif,105_1.tif,5,71,14.08
Impostor,103_3.tif,110_1.tif,6,89,13.48
Impostor,102_8.tif,108_8.tif,21,220,19.09
Impostor,104_3.tif,105_6.tif,10,119,16.81
Impostor,107_1.tif,101_2.tif,14,150,18.67
Impostor,108_4.tif,110_4.tif,16,169,18.93
Impostor,101_4.tif,102_1.tif,11,136,16.18
Impostor,106_5.tif,101_3.tif,12,155,15.48
Impostor,105_3.tif,105_3.tif,40,80,100.0
Impostor,106_3.tif,107_5.tif,11,120,18.33
Impostor,106_2.tif,102_8.tif,17,181,18.78
Impostor,107_8.tif,108_5.tif,8,103,15.53
Impostor,108_8.tif,107_7.tif,7,89,15.73
Impostor,106_4.tif,103_6.tif,12,121,19.83
Impostor,102_5.tif,110_6.tif,12,148,16.22
Impostor,107_6.tif,102_1.tif,6,95,12.63
Impostor,104_4.tif,101_1.tif,12,135,17.78
Impostor,104_6.tif,106_5.tif,9,117,15.38
Impostor,103_7.tif,101_5.tif,9,102,17.65
Impostor,102_3.tif,107_4.tif,11,169,13.02
Impostor,110_4.tif,110_6.tif,18,198,18.18
Impostor,109_4.tif,104_5.tif,12,151,15.89
Impostor,103_3.tif,110_3.tif,10,137,14.6
Impostor,106_2.tif,104_2.tif,13,165,15.76
Impostor,104_3.tif,107_2.tif,7,103,13.59
Impostor,107_4.tif,103_5.tif,9,100,18.0
Impostor,101_4.tif,110_4.tif,9,122,14.75
Impostor,108_7.tif,106_4.tif,17,162,20.99
Impostor,106_4.tif,101_8.tif,13,161,16.15
Impostor,101_6.tif,108_6.tif,10,101,19.8
Impostor,108_4.tif,102_3.tif,8,96,16.67
Impostor,107_2.tif,105_2.tif,10,138,14.49
Impostor,109_8.tif,108_1.tif,7,82,17.07
Impostor,101_4.tif,109_7.tif,14,141,19.86
Impostor,105_5.tif,102_8.tif,11,110,20.0
Impostor,106_3.tif,109_1.tif,15,166,18.07
Impostor,110_2.tif,106_3.tif,14,152,18.42
Impostor,107_4.tif,101_8.tif,8,93,17.2
Impostor,104_1.tif,108_6.tif,10,133,15.04
Impostor,104_4.tif,110_7.tif,7,94,14.89
Impostor,108_7.tif,102_2.tif,10,133,15.04
Impostor,107_1.tif,106_2.tif,14,159,17.61
Impostor,101_1.tif,107_4.tif,12,137,17.52
Impostor,102_6.tif,101_1.tif,11,132,16.67
Impostor,104_6.tif,108_4.tif,10,106,18.87
Impostor,102_4.tif,107_7.tif,4,78,10.26
Impostor,105_1.tif,109_7.tif,5,88,11.36
Impostor,106_5.tif,102_5.tif,11,139,15.83
Impostor,101_4.tif,103_4.tif,9,115,15.65
Impostor,106_5.tif,107_1.tif,6,76,15.79
Impostor,108_5.tif,104_3.tif,14,171,16.37
Impostor,102_1.tif,110_7.tif,12,147,16.33
Impostor,101_5.tif,107_7.tif,10,135,14.81
Impostor,106_6.tif,102_5.tif,11,128,17.19
Impostor,109_7.tif,102_3.tif,12,140,17.14
Impostor,107_5.tif,106_1.tif,8,99,16.16
Impostor,103_2.tif,102_2.tif,14,143,19.58
Impostor,109_6.tif,102_5.tif,12,145,16.55
Impostor,102_5.tif,110_2.tif,14,162,17.28
Impostor,104_6.tif,108_8.tif,9,106,16.98
Impostor,107_3.tif,101_1.tif,6,82,14.63
Impostor,103_1.tif,107_8.tif,11,144,15.28
Impostor,109_1.tif,105_3.tif,8,110,14.55
Impostor,101_8.tif,109_4.tif,8,114,14.04
Impostor,105_8.tif,107_3.tif,9,107,16.82
Impostor,106_2.tif,103_1.tif,15,160,18.75
Impostor,102_5.tif,107_1.tif,7,92,15.22
Impostor,102_6.tif,109_2.tif,13,143,18.18
Impostor,104_8.tif,105_4.tif,8,88,18.18
Impostor,103_3.tif,101_4.tif,11,153,14.38
Impostor,106_2.tif,106_7.tif,12,139,17.27
Impostor,105_4.tif,110_8.tif,8,109,14.68
Impostor,110_8.tif,105_5.tif,11,138,15.94
Impostor,110_1.tif,103_3.tif,15,199,15.08
Impostor,103_3.tif,104_8.tif,6,91,13.19
Impostor,104_6.tif,108_7.tif,14,159,17.61
Impostor,106_5.tif,101_1.tif,7,79,17.72
Impostor,108_2.tif,110_7.tif,3,86,6.98
Impostor,101_6.tif,105_8.tif,7,114,12.28
Impostor,107_8.tif,109_3.tif,10,137,14.6
Impostor,109_8.tif,103_6.tif,7,112,12.5
Impostor,102_4.tif,109_4.tif,11,131,16.79
Impostor,106_1.tif,108_6.tif,11,109,20.18
Impostor,101_4.tif,104_4.tif,8,106,15.09
Impostor,107_5.tif,106_6.tif,8,97,16.49
Impostor,104_1.tif,107_3.tif,10,122,16.39
Impostor,103_3.tif,109_6.tif,9,106,16.98
Impostor,104_8.tif,104_6.tif,10,112,17.86
Impostor,106_8.tif,110_5.tif,8,94,17.02
Impostor,104_4.tif,106_3.tif,13,130,20.0
Impostor,102_3.tif,103_2.tif,17,179,18.99
Impostor,103_3.tif,101_2.tif,7,87,16.09
Impostor,106_3.tif,108_1.tif,16,190,16.84
Impostor,104_4.tif,105_6.tif,8,98,16.33
Impostor,103_8.tif,105_7.tif,9,84,21.43
Impostor,106_8.tif,102_2.tif,7,79,17.72
Impostor,108_3.tif,109_4.tif,6,71,16.9
Impostor,110_4.tif,108_8.tif,11,126,17.46
Impostor,109_7.tif,103_3.tif,9,110,16.36
Impostor,103_5.tif,108_8.tif,11,158,13.92
Impostor,110_8.tif,101_4.tif,6,84,14.29
Impostor,106_5.tif,101_5.tif,6,88,13.64
Impostor,101_1.tif,107_5.tif,13,161,16.15
Impostor,103_8.tif,102_4.tif,15,178,16.85
Impostor,104_1.tif,102_6.tif,7,97,14.43
Impostor,109_7.tif,105_7.tif,15,187,16.04
Impostor,105_1.tif,107_3.tif,7,83,16.87
Impostor,110_5.tif,104_2.tif,13,152,17.11
Impostor,102_1.tif,101_3.tif,14,137,20.44
Impostor,106_3.tif,104_7.tif,14,138,20.29
Impostor,104_5.tif,103_4.tif,10,143,13.99
Impostor,103_6.tif,108_6.tif,10,148,13.51
Impostor,108_1.tif,109_8.tif,9,114,15.79
Impostor,109_8.tif,107_5.tif,10,118,16.95
Impostor,109_2.tif,103_3.tif,8,110,14.55
Impostor,106_7.tif,110_6.tif,10,135,14.81
Impostor,108_3.tif,110_4.tif,17,186,18.28
Impostor,101_4.tif,105_4.tif,9,96,18.75
Impostor,110_7.tif,105_3.tif,9,112,16.07
Impostor,106_1.tif,106_6.tif,8,114,14.04
Impostor,108_1.tif,101_1.tif,6,89,13.48
Impostor,107_1.tif,106_4.tif,13,137,18.98
Impostor,101_1.tif,107_5.tif,9,105,17.14
Impostor,104_4.tif,108_5.tif,11,138,15.94
Impostor,106_5.tif,108_6.tif,11,143,15.38
Impostor,104_1.tif,109_2.tif,10,135,14.81
Impostor,108_4.tif,108_3.tif,8,81,19.75
Impostor,105_8.tif,107_7.tif,11,110,20.0
Impostor,109_4.tif,108_2.tif,11,128,17.19
Impostor,108_4.tif,106_5.tif,9,124,14.52
Impostor,103_8.tif,101_6.tif,10,120,16.67
Impostor,105_5.tif,110_6.tif,12,160,15.0
Impostor,105_7.tif,110_8.tif,8,98,16.33
Impostor,105_4.tif,101_7.tif,9,111,16.22
Impostor,106_2.tif,110_5.tif,15,157,19.11
Impostor,106_4.tif,101_8.tif,9,134,13.43
Impostor,107_4.tif,105_5.tif,11,103,21.36
Impostor,106_4.tif,102_2.tif,7,93,15.05
Impostor,110_2.tif,102_1.tif,18,183,19.67
Impostor,101_2.tif,106_6.tif,11,129,17.05
Impostor,109_2.tif,102_7.tif,10,128,15.62
Impostor,101_1.tif,106_5.tif,9,135,13.33
Impostor,104_3.tif,105_3.tif,8,77,20.78
Impostor,104_6.tif,110_7.tif,10,145,13.79
Impostor,104_4.tif,106_1.tif,14,117,23.93
Impostor,105_4.tif,108_8.tif,12,152,15.79
Impostor,105_2.tif,103_4.tif,18,177,20.34
Impostor,102_4.tif,104_8.tif,14,179,15.64
Impostor,101_7.tif,107_5.tif,7,93,15.05
Impostor,106_6.tif,105_6.tif,10,110,18.18
Impostor,104_4.tif,109_6.tif,8,113,14.16
Impostor,103_7.tif,106_7.tif,7,101,13.86
Impostor,105_5.tif,108_2.tif,8,93,17.2
Impostor,110_8.tif,102_8.tif,12,177,13.56
Impostor,102_4.tif,101_8.tif,10,109,18.35
Impostor,105_3.tif,107_1.tif,8,115,13.91
Impostor,102_2.tif,104_2.tif,8,119,13.45
Impostor,108_5.tif,110_5.tif,15,168,17.86
Impostor,106_4.tif,101_4.tif,13,162,16.05
Impostor,107_3.tif,103_4.tif,9,138,13.04
Impostor,101_4.tif,108_7.tif,16,166,19.28
Impostor,101_4.tif,101_3.tif,7,100,14.0
Impostor,104_3.tif,110_3.tif,12,136,17.65
Impostor,106_7.tif,104_1.tif,10,151,13.25
Impostor,104_3.tif,108_7.tif,8,114,14.04
Impostor,102_4.tif,103_6.tif,14,129,21.71
Impostor,106_5.tif,102_4.tif,8,109,14.68
Impostor,101_2.tif,104_6.tif,9,113,15.93
Impostor,108_7.tif,102_5.tif,17,170,20.0
Impostor,105_4.tif,105_3.tif,5,79,12.66
Impostor,103_5.tif,105_7.tif,8,97,16.49
Impostor,106_6.tif,110_1.tif,8,130,12.31
Impostor,104_8.tif,104_3.tif,13,152,17.11
Impostor,106_2.tif,104_2.tif,10,131,15.27
Impostor,102_3.tif,104_8.tif,14,164,17.07
Impostor,109_4.tif,102_3.tif,14,134,20.9
Impostor,110_7.tif,101_2.tif,14,169,16.57
Impostor,101_3.tif,110_4.tif,17,180,18.89
Impostor,107_8.tif,109_5.tif,9,119,15.13
Impostor,110_5.tif,101_2.tif,15,160,18.75
Impostor,102_8.tif,101_3.tif,8,108,14.81
Impostor,105_6.tif,109_2.tif,11,126,17.46
Impostor,104_5.tif,107_5.tif,12,115,20.87
Impostor,103_8.tif,101_7.tif,11,134,16.42
Impostor,109_6.tif,101_1.tif,10,129,15.5
Impostor,110_4.tif,110_4.tif,15,164,18.29
Impostor,109_6.tif,104_4.tif,10,121,16.53
Impostor,108_8.tif,110_6.tif,8,125,12.8
Impostor,108_2.tif,102_7.tif,8,89,17.98
Impostor,102_3.tif,104_8.tif,6,110,10.91
Impostor,101_6.tif,101_4.tif,10,117,17.09
Impostor,103_8.tif,101_1.tif,12,112,21.43
Impostor,107_2.tif,108_6.tif,10,113,17.7
Impostor,105_4.tif,107_8.tif,9,135,13.33
Impostor,106_4.tif,106_4.tif,12,157,15.29
Impostor,107_4.tif,109_3.tif,9,110,16.36
Impostor,107_5.tif,106_7.tif,11,119,18.49
Impostor,106_3.tif,105_4.tif,10,125,16.0
Impostor,106_5.tif,108_3.tif,8,114,14.04
Impostor,108_2.tif,101_2.tif,9,120,15.0
Impostor,109_6.tif,105_5.tif,12,131,18.32
Impostor,101_5.tif,107_6.tif,9,123,14.63
Impostor,108_7.tif,106_2.tif,10,139,14.39
Impostor,110_2.tif,102_4.tif,9,129,13.95
Impostor,110_7.tif,101_7.tif,8,110,14.55
Impostor,101_1.tif,101_4.tif,12,112,21.43
Impostor,103_7.tif,108_8.tif,13,143,18.18
Impostor,104_4.tif,110_2.tif,8,114,14.04
Impostor,109_2.tif,110_3.tif,19,168,22.62
Impostor,110_3.tif,107_3.tif,9,97,18.56
Impostor,102_8.tif,109_3.tif,11,137,16.06
Impostor,109_6.tif,106_4.tif,12,160,15.0
Impostor,104_4.tif,110_4.tif,8,118,13.56
Impostor,105_1.tif,110_5.tif,9,119,15.13
Impostor,106_8.tif,104_3.tif,17,142,23.94
Impostor,109_2.tif,103_4.tif,9,104,17.31
Impostor,101_7.tif,102_3.tif,11,139,15.83
Impostor,107_4.tif,104_2.tif,8,129,12.4
Impostor,105_8.tif,107_2.tif,7,94,14.89
Impostor,109_7.tif,109_2.tif,6,114,10.53
Impostor,104_2.tif,101_7.tif,11,148,14.86
Impostor,101_4.tif,101_2.tif,10,125,16.0
Impostor,107_8.tif,109_5.tif,7,77,18.18
Impostor,104_3.tif,109_3.tif,13,162,16.05
Impostor,109_5.tif,107_7.tif,6,91,13.19
Impostor,104_5.tif,105_5.tif,8,114,14.04
Impostor,103_2.tif,109_6.tif,8,108,14.81
Impostor,110_6.tif,108_2.tif,15,163,18.4
Impostor,106_1.tif,109_1.tif,13,141,18.44
Impostor,109_7.tif,102_3.tif,12,127,18.9
Impostor,110_7.tif,102_1.tif,16,175,18.29
Impostor,101_2.tif,103_3.tif,15,143,20.98
Impostor,105_4.tif,105_7.tif,11,142,15.49
Impostor,101_7.tif,102_8.tif,10,160,12.5
Impostor,108_4.tif,107_1.tif,11,152,14.47
Impostor,106_4.tif,107_2.tif,9,140,12.86
Impostor,107_5.tif,104_5.tif,12,123,19.51
Impostor,103_3.tif,108_5.tif,7,86,16.28
Impostor,102_4.tif,105_5.tif,6,104,11.54
Impostor,110_2.tif,101_3.tif,12,142,16.9
Impostor,102_3.tif,108_4.tif,14,165,16.97
Impostor,108_2.tif,106_7.tif,5,73,13.7
Impostor,107_2.tif,105_6.tif,8,104,15.38
Impostor,101_5.tif,109_8.tif,13,156,16.67
Impostor,109_2.tif,109_8.tif,11,148,14.86
Impostor,108_2.tif,102_2.tif,18,195,18.46
Impostor,103_6.tif,107_5.tif,9,112,16.07
Impostor,106_3.tif,103_2.tif,13,149,17.45
Impostor,106_3.tif,102_1.tif,11,132,16.67
Impostor,101_6.tif,102_7.tif,7,94,14.89
Impostor,102_7.tif,109_6.tif,16,176,18.18
Impostor,106_6.tif,105_7.tif,8,124,12.9
Impostor,103_4.tif,105_1.tif,16,173,18.5
Impostor,107_8.tif,102_3.tif,13,159,16.35
Impostor,101_1.tif,102_8.tif,9,122,14.75
Impostor,104_4.tif,110_6.tif,12,140,17.14
Impostor,107_7.tif,110_7.tif,3,66,9.09
Impostor,104_2.tif,110_7.tif,8,117,13.68
Impostor,104_7.tif,103_4.tif,16,176,18.18
Impostor,103_7.tif,108_7.tif,13,169,15.38
Impostor,106_5.tif,102_8.tif,9,107,16.82
Impostor,101_2.tif,104_2.tif,8,110,14.55
Impostor,110_5.tif,101_7.tif,14,151,18.54
Impostor,101_6.tif,102_4.tif,10,114,17.54
Impostor,102_1.tif,110_6.tif,13,146,17.81
Impostor,110_6.tif,108_6.tif,8,118,13.56
Impostor,108_3.tif,104_5.tif,11,144,15.28
Impostor,108_1.tif,108_2.tif,10,153,13.07
Impostor,103_6.tif,110_2.tif,10,119,16.81
Impostor,103_2.tif,110_6.tif,10,125,16.0
Impostor,102_3.tif,104_3.tif,17,134,25.37
Impostor,107_4.tif,104_1.tif,11,114,19.3
Impostor,103_6.tif,110_4.tif,11,140,15.71
Impostor,105_3.tif,108_5.tif,8,91,17.58
Impostor,106_8.tif,106_7.tif,9,119,15.13
Impostor,101_7.tif,108_8.tif,11,123,17.89
Impostor,110_2.tif,107_2.tif,7,92,15.22
Impostor,102_5.tif,107_5.tif,9,138,13.04
Impostor,108_4.tif,106_3.tif,14,171,16.37
Impostor,104_2.tif,104_4.tif,13,148,17.57
Impostor,106_4.tif,107_5.tif,10,99,20.2
Impostor,105_2.tif,103_3.tif,13,164,15.85
Impostor,103_1.tif,104_7.tif,13,138,18.84
Impostor,110_6.tif,106_2.tif,13,152,17.11
Impostor,109_2.tif,107_1.tif,6,103,11.65
Impostor,108_6.tif,101_8.tif,12,131,18.32
Impostor,109_8.tif,102_2.tif,13,151,17.22
Impostor,106_2.tif,110_4.tif,16,151,21.19
Impostor,107_3.tif,102_4.tif,8,128,12.5
Impostor,107_1.tif,104_7.tif,11,136,16.18
Impostor,101_7.tif,103_6.tif,10,162,12.35
Impostor,103_7.tif,102_8.tif,9,104,17.31
Impostor,110_3.tif,104_4.tif,17,166,20.48
Impostor,110_3.tif,101_4.tif,9,117,15.38
Impostor,103_1.tif,109_6.tif,15,167,17.96
Impostor,110_1.tif,110_7.tif,14,152,18.42
Impostor,101_8.tif,109_2.tif,15,155,19.35
Impostor,105_2.tif,106_8.tif,10,130,15.38
Impostor,106_7.tif,107_8.tif,6,79,15.19
Impostor,106_7.tif,108_7.tif,13,137,18.98
Impostor,102_6.tif,101_8.tif,12,134,17.91
Impostor,103_3.tif,109_4.tif,7,120,11.67
Impostor,105_8.tif,104_3.tif,9,126,14.29
Impostor,104_5.tif,102_3.tif,15,162,18.52
Impostor,104_2.tif,105_1.tif,8,86,18.6
Impostor,105_2.tif,108_4.tif,15,136,22.06
Impostor,103_8.tif,105_4.tif,8,121,13.22
Impostor,107_6.tif,101_2.tif,8,88,18.18
Impostor,108_7.tif,106_1.tif,7,77,18.18
Impostor,108_7.tif,102_5.tif,8,101,15.84
Impostor,102_6.tif,108_1.tif,9,114,15.79
Impostor,106_1.tif,105_8.tif,10,133,15.04
Impostor,107_4.tif,101_2.tif,8,118,13.56
Impostor,101_6.tif,105_7.tif,7,82,17.07
Impostor,107_8.tif,101_3.tif,5,97,10.31
Impostor,109_3.tif,106_5.tif,10,140,14.29
Impostor,103_6.tif,110_2.tif,12,142,16.9
Impostor,102_2.tif,104_3.tif,13,173,15.03
Impostor,106_5.tif,101_6.tif,6,67,17.91
Impostor,106_8.tif,109_3.tif,6,74,16.22
Impostor,109_5.tif,108_1.tif,13,133,19.55
Impostor,103_6.tif,107_6.tif,7,107,13.08
Impostor,110_1.tif,103_6.tif,12,161,14.91
Impostor,108_1.tif,105_4.tif,10,122,16.39
Impostor,105_4.tif,110_8.tif,11,140,15.71
Impostor,106_1.tif,103_2.tif,11,130,16.92
Impostor,106_4.tif,102_8.tif,8,130,12.31
Impostor,102_8.tif,103_6.tif,10,113,17.7
Impostor,109_3.tif,104_4.tif,7,90,15.56
Impostor,102_8.tif,104_2.tif,10,123,16.26
Impostor,103_7.tif,105_8.tif,6,94,12.77
Impostor,107_2.tif,106_1.tif,7,86,16.28
Impostor,110_3.tif,108_5.tif,9,131,13.74
Impostor,105_8.tif,104_4.tif,10,108,18.52
Impostor,110_4.tif,108_7.tif,15,168,17.86
Impostor,110_2.tif,101_2.tif,9,113,15.93
Impostor,110_1.tif,105_6.tif,5,85,11.76
Impostor,109_3.tif,109_1.tif,19,182,20.88
Impostor,107_6.tif,103_4.tif,8,93,17.2
Impostor,109_6.tif,106_7.tif,15,168,17.86
Impostor,107_2.tif,107_7.tif,8,120,13.33
Impostor,108_4.tif,106_5.tif,11,141,15.6
Impostor,101_2.tif,110_6.tif,10,132,15.15
Impostor,105_2.tif,104_5.tif,15,139,21.58
Impostor,110_5.tif,108_8.tif,10,110,18.18
Impostor,108_4.tif,105_2.tif,10,153,13.07
Impostor,101_8.tif,102_2.tif,22,167,26.35
Impostor,107_1.tif,103_4.tif,11,121,18.18
Impostor,107_5.tif,109_4.tif,13,123,21.14
Impostor,106_4.tif,103_2.tif,13,156,16.67
Impostor,101_8.tif,107_4.tif,13,129,20.16
Impostor,102_4.tif,106_3.tif,11,106,20.75
Impostor,108_3.tif,103_1.tif,14,146,19.18
Impostor,102_6.tif,102_6.tif,7,110,12.73
Impostor,107_2.tif,102_7.tif,7,101,13.86
Impostor,101_6.tif,109_7.tif,4,80,10.0
Impostor,107_5.tif,103_5.tif,13,132,19.7
Impostor,104_4.tif,106_2.tif,12,156,15.38
Impostor,106_6.tif,108_5.tif,14,163,17.18
Impostor,101_2.tif,110_8.tif,8,126,12.7
Impostor,104_2.tif,101_1.tif,6,95,12.63
Impostor,101_3.tif,107_8.tif,9,90,20.0
Impostor,109_2.tif,107_7.tif,9,130,13.85
Impostor,105_5.tif,102_3.tif,8,101,15.84
Impostor,103_4.tif,105_8.tif,8,94,17.02
Impostor,103_2.tif,108_1.tif,24,224,21.43
Impostor,103_3.tif,110_1.tif,9,113,15.93
Impostor,105_7.tif,105_4.tif,7,105,13.33
Impostor,105_8.tif,110_4.tif,7,125,11.2
Impostor,109_3.tif,110_3.tif,8,101,15.84
Impostor,110_3.tif,104_4.tif,8,111,14.41
Impostor,106_3.tif,106_2.tif,12,141,17.02
Impostor,109_1.tif,104_4.tif,14,141,19.86
Impostor,103_7.tif,103_4.tif,11,146,15.07
Impostor,106_8.tif,102_8.tif,9,98,18.37
Impostor,102_7.tif,104_5.tif,9,107,16.82
Impostor,103_2.tif,108_5.tif,17,207,16.43
Impostor,107_4.tif,108_5.tif,12,149,16.11
Impostor,106_1.tif,105_6.tif,11,106,20.75
Impostor,109_5.tif,101_1.tif,8,110,14.55
Impostor,103_1.tif,108_2.tif,12,135,17.78
Impostor,103_1.tif,109_4.tif,16,153,20.92
Impostor,109_8.tif,102_3.tif,6,108,11.11
Impostor,106_8.tif,103_5.tif,11,148,14.86
Impostor,105_8.tif,104_3.tif,7,97,14.43
Impostor,108_6.tif,110_3.tif,7,99,14.14
Impostor,107_8.tif,103_4.tif,7,93,15.05
Impostor,107_4.tif,106_4.tif,11,154,14.29
Impostor,102_6.tif,101_5.tif,12,128,18.75
Impostor,109_6.tif,103_1.tif,14,148,18.92
Impostor,108_4.tif,109_1.tif,17,166,20.48
Impostor,108_2.tif,101_3.tif,10,115,17.39
Impostor,108_5.tif,107_5.tif,9,141,12.77
Impostor,108_6.tif,104_1.tif,8,109,14.68
Impostor,110_6.tif,108_6.tif,8,118,13.56
Impostor,102_5.tif,107_2.tif,9,118,15.25
Impostor,110_4.tif,107_2.tif,8,127,12.6
Impostor,109_8.tif,106_5.tif,5,60,16.67
Impostor,105_2.tif,104_5.tif,11,122,18.03
Impostor,105_2.tif,104_5.tif,15,170,17.65
Impostor,108_6.tif,102_1.tif,11,140,15.71
Impostor,107_4.tif,105_8.tif,9,113,15.93
Impostor,105_3.tif,103_5.tif,7,89,15.73
Impostor,101_6.tif,103_8.tif,10,114,17.54
Impostor,108_1.tif,108_2.tif,7,124,11.29
Impostor,104_1.tif,105_8.tif,9,129,13.95
Impostor,106_8.tif,103_5.tif,12,153,15.69
Impostor,107_2.tif,103_5.tif,13,156,16.67
Impostor,107_4.tif,106_3.tif,14,147,19.05
Impostor,108_7.tif,106_4.tif,14,173,16.18
Impostor,110_5.tif,105_5.tif,11,153,14.38
Impostor,105_6.tif,102_1.tif,12,149,16.11
Impostor,106_1.tif,105_6.tif,7,82,17.07
Impostor,104_1.tif,106_2.tif,9,91,19.78
Impostor,106_4.tif,110_4.tif,15,162,18.52
Impostor,102_4.tif,110_4.tif,21,177,23.73
Impostor,109_6.tif,101_7.tif,12,139,17.27
Impostor,106_4.tif,101_8.tif,16,140,22.86
Impostor,110_7.tif,101_1.tif,10,128,15.62
Impostor,102_1.tif,106_5.tif,6,78,15.38
Impostor,110_6.tif,108_7.tif,10,143,13.99
Impostor,108_2.tif,104_4.tif,7,79,17.72
Impostor,101_6.tif,104_3.tif,9,126,14.29
Impostor,105_3.tif,101_8.tif,8,122,13.11
Impostor,110_2.tif,104_4.tif,10,130,15.38
Impostor,101_7.tif,106_7.tif,6,76,15.79
Impostor,108_7.tif,103_8.tif,11,161,13.66
Impostor,104_8.tif,108_7.tif,13,144,18.06
Impostor,107_4.tif,108_6.tif,11,134,16.42
Impostor,110_4.tif,107_6.tif,11,131,16.79
Impostor,102_5.tif,108_6.tif,15,143,20.98
Impostor,110_2.tif,110_8.tif,9,128,14.06
Impostor,106_2.tif,104_6.tif,15,176,17.05
Impostor,110_8.tif,107_7.tif,5,103,9.71
Impostor,109_7.tif,105_2.tif,7,131,10.69
Impostor,101_7.tif,101_3.tif,10,110,18.18
Impostor,103_1.tif,110_5.tif,14,149,18.79
Impostor,102_6.tif,110_8.tif,14,152,18.42
Impostor,105_5.tif,108_8.tif,19,183,20.77
Impostor,105_7.tif,106_3.tif,7,95,14.74
Impostor,101_1.tif,102_5.tif,11,118,18.64
Impostor,106_2.tif,108_2.tif,7,90,15.56
Impostor,105_3.tif,101_7.tif,8,88,18.18
Impostor,108_8.tif,106_4.tif,11,149,14.77
Impostor,105_7.tif,102_2.tif,9,140,12.86
Impostor,108_6.tif,109_5.tif,10,147,13.61
Impostor,110_3.tif,101_1.tif,13,136,19.12
Impostor,105_1.tif,109_3.tif,9,110,16.36
Impostor,105_4.tif,101_5.tif,12,132,18.18
Impostor,104_2.tif,109_4.tif,7,108,12.96
Impostor,105_3.tif,110_6.tif,13,152,17.11
Impostor,104_7.tif,109_7.tif,10,136,14.71
Impostor,106_3.tif,107_2.tif,9,105,17.14
Impostor,106_5.tif,109_1.tif,11,132,16.67
Impostor,104_1.tif,105_3.tif,7,124,11.29
Impostor,108_2.tif,102_6.tif,8,108,14.81
Impostor,101_7.tif,105_6.tif,5,84,11.9
Impostor,105_8.tif,102_2.tif,6,90,13.33
Impostor,103_7.tif,105_2.tif,11,127,17.32
Impostor,107_8.tif,109_3.tif,9,115,15.65
Impostor,108_6.tif,105_4.tif,7,87,16.09
Impostor,102_4.tif,104_8.tif,14,179,15.64
Impostor,108_8.tif,103_1.tif,15,142,21.13
Impostor,102_6.tif,110_7.tif,8,100,16.0
Impostor,103_6.tif,101_2.tif,8,109,14.68
Impostor,109_2.tif,109_1.tif,23,174,26.44
Impostor,101_6.tif,107_1.tif,6,90,13.33
Impostor,108_3.tif,108_3.tif,12,112,21.43
Impostor,103_7.tif,101_8.tif,7,106,13.21
Impostor,110_7.tif,108_4.tif,11,149,14.77
Impostor,108_3.tif,109_7.tif,17,163,20.86
Impostor,110_8.tif,107_7.tif,9,139,12.95
Impostor,104_3.tif,104_7.tif,11,118,18.64
Impostor,103_2.tif,107_6.tif,8,112,14.29
Impostor,106_4.tif,109_2.tif,11,151,14.57
Impostor,102_6.tif,110_2.tif,7,109,12.84
Impostor,104_4.tif,101_7.tif,8,93,17.2
Impostor,107_5.tif,109_7.tif,6,81,14.81
Impostor,106_7.tif,102_5.tif,14,178,15.73
Impostor,105_1.tif,110_8.tif,8,109,14.68
Impostor,102_6.tif,109_7.tif,10,125,16.0
Impostor,108_7.tif,109_3.tif,21,152,27.63
Impostor,108_5.tif,104_4.tif,9,120,15.0
Impostor,110_1.tif,101_2.tif,8,89,17.98
Impostor,105_7.tif,105_4.tif,7,87,16.09
Impostor,102_1.tif,110_4.tif,14,158,17.72
Impostor,103_5.tif,106_3.tif,15,136,22.06
Impostor,106_2.tif,103_3.tif,10,116,17.24
Impostor,101_5.tif,108_8.tif,11,128,17.19
Impostor,108_3.tif,110_6.tif,8,120,13.33
Impostor,101_5.tif,106_2.tif,12,133,18.05
Impostor,110_1.tif,110_2.tif,15,158,18.99
Impostor,110_4.tif,107_8.tif,10,135,14.81
Impostor,109_6.tif,107_5.tif,13,163,15.95
Impostor,105_7.tif,104_4.tif,9,106,16.98
Impostor,105_1.tif,106_7.tif,12,129,18.6
Impostor,108_7.tif,106_5.tif,6,66,18.18
Impostor,107_7.tif,104_1.tif,9,97,18.56
Impostor,102_8.tif,105_2.tif,10,158,12.66
Impostor,109_8.tif,103_6.tif,10,147,13.61
Impostor,107_8.tif,109_3.tif,8,111,14.41
Impostor,109_1.tif,106_2.tif,11,134,16.42
Impostor,103_1.tif,108_2.tif,12,135,17.78
Impostor,107_3.tif,102_2.tif,12,127,18.9
Impostor,108_2.tif,101_6.tif,9,132,13.64
Impostor,101_6.tif,104_6.tif,12,131,18.32
Impostor,110_3.tif,102_2.tif,10,151,13.25
Impostor,102_3.tif,107_1.tif,5,112,8.93
Impostor,102_5.tif,107_3.tif,9,132,13.64
Impostor,101_5.tif,106_5.tif,6,86,13.95
Impostor,110_6.tif,104_2.tif,11,182,12.09
Impostor,105_7.tif,106_6.tif,7,119,11.76
Impostor,104_2.tif,109_2.tif,10,95,21.05
Impostor,103_5.tif,102_3.tif,16,146,21.92
Impostor,103_5.tif,103_4.tif,10,130,15.38
.tif,4,62,12.9
